feature,crop_name,day_of_year,mean_value
NDVI,Maize,1,0.0
NDVI,Maize,2,0.0
NDVI,Maize,3,0.0
NDVI,Maize,4,0.0
NDVI,Maize,5,0.0
NDVI,Maize,6,0.0
NDVI,Maize,7,0.0
NDVI,Maize,8,0.0
NDVI,Maize,9,0.0
NDVI,Maize,10,0.0
NDVI,Maize,11,0.0
NDVI,Maize,12,0.0
NDVI,Maize,13,0.0
NDVI,Maize,14,0.0
NDVI,Maize,15,0.0
NDVI,Maize,16,0.0
NDVI,Maize,17,0.0
NDVI,Maize,18,0.0
NDVI,Maize,19,0.0
NDVI,Maize,20,0.0
NDVI,Maize,21,0.0
NDVI,Maize,22,0.0
NDVI,Maize,23,0.0
NDVI,Maize,24,0.0
NDVI,Maize,25,0.0
NDVI,Maize,26,0.0
NDVI,Maize,27,0.0
NDVI,Maize,28,0.0
NDVI,Maize,29,0.0
NDVI,Maize,30,0.0
NDVI,Maize,31,0.0
NDVI,Maize,32,0.0
NDVI,Maize,33,0.0
NDVI,Maize,34,0.0
NDVI,Maize,35,0.0
NDVI,Maize,36,0.0
NDVI,Maize,37,0.0
NDVI,Maize,38,0.0
NDVI,Maize,39,0.0
NDVI,Maize,40,0.0
NDVI,Maize,41,0.0
NDVI,Maize,42,0.0
NDVI,Maize,43,0.0
NDVI,Maize,44,0.0
NDVI,Maize,45,0.0
NDVI,Maize,46,0.0
NDVI,Maize,47,0.0
NDVI,Maize,48,0.0
NDVI,Maize,49,0.0
NDVI,Maize,50,0.0
NDVI,Maize,51,0.0
NDVI,Maize,52,0.0
NDVI,Maize,53,0.0
NDVI,Maize,54,0.0
NDVI,Maize,55,0.0
NDVI,Maize,56,0.0
NDVI,Maize,57,0.0
NDVI,Maize,58,0.0
NDVI,Maize,59,0.0
NDVI,Maize,60,0.0
NDVI,Maize,61,0.0
NDVI,Maize,62,0.0
NDVI,Maize,63,0.0
NDVI,Maize,64,0.0
NDVI,Maize,65,0.0
NDVI,Maize,66,0.0
NDVI,Maize,67,0.0
NDVI,Maize,68,0.0
NDVI,Maize,69,0.0
NDVI,Maize,70,0.0
NDVI,Maize,71,0.0
NDVI,Maize,72,0.0
NDVI,Maize,73,0.0
NDVI,Maize,74,0.0
NDVI,Maize,75,0.0
NDVI,Maize,76,0.0
NDVI,Maize,77,0.0
NDVI,Maize,78,0.0
NDVI,Maize,79,0.0
NDVI,Maize,80,0.0
NDVI,Maize,81,0.0
NDVI,Maize,82,0.0
NDVI,Maize,83,0.0
NDVI,Maize,84,0.0
NDVI,Maize,85,0.0
NDVI,Maize,86,0.0
NDVI,Maize,87,0.0
NDVI,Maize,88,0.0
NDVI,Maize,89,0.0
NDVI,Maize,90,0.0
NDVI,Maize,91,
NDVI,Maize,92,
NDVI,Maize,93,
NDVI,Maize,94,
NDVI,Maize,95,
NDVI,Maize,96,
NDVI,Maize,97,
NDVI,Maize,98,
NDVI,Maize,99,
NDVI,Maize,100,
NDVI,Maize,101,
NDVI,Maize,102,
NDVI,Maize,103,
NDVI,Maize,104,
NDVI,Maize,105,
NDVI,Maize,106,
NDVI,Maize,107,
NDVI,Maize,108,
NDVI,Maize,109,
NDVI,Maize,110,
NDVI,Maize,111,
NDVI,Maize,112,
NDVI,Maize,113,
NDVI,Maize,114,
NDVI,Maize,115,
NDVI,Maize,116,
NDVI,Maize,117,
NDVI,Maize,118,
NDVI,Maize,119,
NDVI,Maize,120,
NDVI,Maize,121,
NDVI,Maize,122,
NDVI,Maize,123,
NDVI,Maize,124,
NDVI,Maize,125,
NDVI,Maize,126,
NDVI,Maize,127,
NDVI,Maize,128,
NDVI,Maize,129,
NDVI,Maize,130,
NDVI,Maize,131,
NDVI,Maize,132,
NDVI,Maize,133,
NDVI,Maize,134,
NDVI,Maize,135,
NDVI,Maize,136,
NDVI,Maize,137,
NDVI,Maize,138,
NDVI,Maize,139,
NDVI,Maize,140,
NDVI,Maize,141,
NDVI,Maize,142,
NDVI,Maize,143,
NDVI,Maize,144,
NDVI,Maize,145,
NDVI,Maize,146,
NDVI,Maize,147,
NDVI,Maize,148,
NDVI,Maize,149,
NDVI,Maize,150,
NDVI,Maize,151,
NDVI,Maize,152,
NDVI,Maize,153,
NDVI,Maize,154,
NDVI,Maize,155,
NDVI,Maize,156,
NDVI,Maize,157,
NDVI,Maize,158,
NDVI,Maize,159,
NDVI,Maize,160,
NDVI,Maize,161,
NDVI,Maize,162,
NDVI,Maize,163,
NDVI,Maize,164,
NDVI,Maize,165,
NDVI,Maize,166,
NDVI,Maize,167,
NDVI,Maize,168,
NDVI,Maize,169,
NDVI,Maize,170,
NDVI,Maize,171,
NDVI,Maize,172,
NDVI,Maize,173,
NDVI,Maize,174,
NDVI,Maize,175,
NDVI,Maize,176,
NDVI,Maize,177,
NDVI,Maize,178,
NDVI,Maize,179,
NDVI,Maize,180,
NDVI,Maize,181,
NDVI,Maize,182,
NDVI,Maize,183,
NDVI,Maize,184,
NDVI,Maize,185,
NDVI,Maize,186,
NDVI,Maize,187,
NDVI,Maize,188,
NDVI,Maize,189,
NDVI,Maize,190,
NDVI,Maize,191,
NDVI,Maize,192,
NDVI,Maize,193,
NDVI,Maize,194,
NDVI,Maize,195,
NDVI,Maize,196,
NDVI,Maize,197,
NDVI,Maize,198,
NDVI,Maize,199,
NDVI,Maize,200,
NDVI,Maize,201,
NDVI,Maize,202,
NDVI,Maize,203,
NDVI,Maize,204,
NDVI,Maize,205,
NDVI,Maize,206,
NDVI,Maize,207,
NDVI,Maize,208,
NDVI,Maize,209,
NDVI,Maize,210,
NDVI,Maize,211,
NDVI,Maize,212,
NDVI,Maize,213,
NDVI,Maize,214,0.0
NDVI,Maize,215,0.0
NDVI,Maize,216,0.0
NDVI,Maize,217,0.0
NDVI,Maize,218,0.0
NDVI,Maize,219,0.0
NDVI,Maize,220,0.0
NDVI,Maize,221,0.0
NDVI,Maize,222,0.0
NDVI,Maize,223,0.0
NDVI,Maize,224,0.0
NDVI,Maize,225,0.0
NDVI,Maize,226,0.0
NDVI,Maize,227,0.0
NDVI,Maize,228,0.0
NDVI,Maize,229,0.0
NDVI,Maize,230,0.0
NDVI,Maize,231,0.0
NDVI,Maize,232,0.0
NDVI,Maize,233,0.0
NDVI,Maize,234,0.0
NDVI,Maize,235,0.0
NDVI,Maize,236,0.0
NDVI,Maize,237,0.0
NDVI,Maize,238,0.0
NDVI,Maize,239,0.0
NDVI,Maize,240,0.0
NDVI,Maize,241,0.0
NDVI,Maize,242,0.0
NDVI,Maize,243,0.0
NDVI,Maize,244,0.0
NDVI,Maize,245,0.0
NDVI,Maize,246,0.0
NDVI,Maize,247,0.0
NDVI,Maize,248,0.0
NDVI,Maize,249,0.0
NDVI,Maize,250,0.0
NDVI,Maize,251,0.0
NDVI,Maize,252,0.0
NDVI,Maize,253,0.0
NDVI,Maize,254,0.0
NDVI,Maize,255,0.0
NDVI,Maize,256,0.0
NDVI,Maize,257,0.0
NDVI,Maize,258,0.0
NDVI,Maize,259,0.0
NDVI,Maize,260,0.0
NDVI,Maize,261,0.0
NDVI,Maize,262,0.0
NDVI,Maize,263,0.0
NDVI,Maize,264,0.0
NDVI,Maize,265,0.0
NDVI,Maize,266,0.0
NDVI,Maize,267,0.0
NDVI,Maize,268,0.0
NDVI,Maize,269,0.0
NDVI,Maize,270,0.0
NDVI,Maize,271,0.0
NDVI,Maize,272,0.0
NDVI,Maize,273,0.0
NDVI,Maize,274,0.0
NDVI,Maize,275,0.0
NDVI,Maize,276,0.0
NDVI,Maize,277,0.0
NDVI,Maize,278,0.0
NDVI,Maize,279,0.0
NDVI,Maize,280,0.0
NDVI,Maize,281,0.0
NDVI,Maize,282,0.0
NDVI,Maize,283,0.0
NDVI,Maize,284,0.0
NDVI,Maize,285,0.0
NDVI,Maize,286,0.0
NDVI,Maize,287,0.0
NDVI,Maize,288,0.0
NDVI,Maize,289,0.0
NDVI,Maize,290,0.0
NDVI,Maize,291,0.0
NDVI,Maize,292,0.0
NDVI,Maize,293,0.0
NDVI,Maize,294,0.0
NDVI,Maize,295,0.0
NDVI,Maize,296,0.0
NDVI,Maize,297,0.0
NDVI,Maize,298,0.0
NDVI,Maize,299,0.0
NDVI,Maize,300,0.0
NDVI,Maize,301,0.0
NDVI,Maize,302,0.0
NDVI,Maize,303,0.0
NDVI,Maize,304,0.0
NDVI,Maize,305,0.0
NDVI,Maize,306,0.0
NDVI,Maize,307,0.0
NDVI,Maize,308,0.0
NDVI,Maize,309,0.0
NDVI,Maize,310,0.0
NDVI,Maize,311,0.0
NDVI,Maize,312,0.0
NDVI,Maize,313,0.0
NDVI,Maize,314,0.0
NDVI,Maize,315,0.0
NDVI,Maize,316,0.0
NDVI,Maize,317,0.0
NDVI,Maize,318,0.0
NDVI,Maize,319,0.0
NDVI,Maize,320,0.0
NDVI,Maize,321,0.0
NDVI,Maize,322,0.0
NDVI,Maize,323,0.0
NDVI,Maize,324,0.0
NDVI,Maize,325,0.0
NDVI,Maize,326,0.0
NDVI,Maize,327,0.0
NDVI,Maize,328,0.0
NDVI,Maize,329,0.0
NDVI,Maize,330,0.0
NDVI,Maize,331,0.0
NDVI,Maize,332,0.0
NDVI,Maize,333,0.0
NDVI,Maize,334,0.0
NDVI,Maize,335,0.0
NDVI,Maize,336,0.0
NDVI,Maize,337,0.0
NDVI,Maize,338,0.0
NDVI,Maize,339,0.0
NDVI,Maize,340,0.0
NDVI,Maize,341,0.0
NDVI,Maize,342,0.0
NDVI,Maize,343,0.0
NDVI,Maize,344,0.0
NDVI,Maize,345,0.0
NDVI,Maize,346,0.0
NDVI,Maize,347,0.0
NDVI,Maize,348,0.0
NDVI,Maize,349,0.0
NDVI,Maize,350,0.0
NDVI,Maize,351,0.0
NDVI,Maize,352,0.0
NDVI,Maize,353,0.0
NDVI,Maize,354,0.0
NDVI,Maize,355,0.0
NDVI,Maize,356,0.0
NDVI,Maize,357,0.0
NDVI,Maize,358,0.0
NDVI,Maize,359,0.0
NDVI,Maize,360,0.0
NDVI,Maize,361,0.0
NDVI,Maize,362,0.0
NDVI,Maize,363,0.0
NDVI,Maize,364,0.0
NDVI,Maize,365,0.0
NDVI,Rice,1,0.0
NDVI,Rice,2,0.0
NDVI,Rice,3,0.0
NDVI,Rice,4,0.0
NDVI,Rice,5,0.0
NDVI,Rice,6,0.0
NDVI,Rice,7,0.0
NDVI,Rice,8,0.0
NDVI,Rice,9,0.0
NDVI,Rice,10,0.0
NDVI,Rice,11,0.0
NDVI,Rice,12,0.0
NDVI,Rice,13,0.0
NDVI,Rice,14,0.0
NDVI,Rice,15,0.0
NDVI,Rice,16,0.0
NDVI,Rice,17,0.0
NDVI,Rice,18,0.0
NDVI,Rice,19,0.0
NDVI,Rice,20,0.0
NDVI,Rice,21,0.0
NDVI,Rice,22,0.0
NDVI,Rice,23,0.0
NDVI,Rice,24,0.0
NDVI,Rice,25,0.0
NDVI,Rice,26,0.0
NDVI,Rice,27,0.0
NDVI,Rice,28,0.0
NDVI,Rice,29,0.0
NDVI,Rice,30,0.0
NDVI,Rice,31,0.0
NDVI,Rice,32,0.0
NDVI,Rice,33,0.0
NDVI,Rice,34,0.0
NDVI,Rice,35,0.0
NDVI,Rice,36,0.0
NDVI,Rice,37,0.0
NDVI,Rice,38,0.0
NDVI,Rice,39,0.0
NDVI,Rice,40,0.0
NDVI,Rice,41,0.0
NDVI,Rice,42,0.0
NDVI,Rice,43,0.0
NDVI,Rice,44,0.0
NDVI,Rice,45,0.0
NDVI,Rice,46,0.0
NDVI,Rice,47,0.0
NDVI,Rice,48,0.0
NDVI,Rice,49,0.0
NDVI,Rice,50,0.0
NDVI,Rice,51,0.0
NDVI,Rice,52,0.0
NDVI,Rice,53,0.0
NDVI,Rice,54,0.0
NDVI,Rice,55,0.0
NDVI,Rice,56,0.0
NDVI,Rice,57,0.0
NDVI,Rice,58,0.0
NDVI,Rice,59,0.0
NDVI,Rice,60,0.0
NDVI,Rice,61,0.0
NDVI,Rice,62,0.0
NDVI,Rice,63,0.0
NDVI,Rice,64,0.0
NDVI,Rice,65,0.0
NDVI,Rice,66,0.0
NDVI,Rice,67,0.0
NDVI,Rice,68,0.0
NDVI,Rice,69,0.0
NDVI,Rice,70,0.0
NDVI,Rice,71,0.0
NDVI,Rice,72,0.0
NDVI,Rice,73,0.0
NDVI,Rice,74,0.0
NDVI,Rice,75,0.0
NDVI,Rice,76,0.0
NDVI,Rice,77,0.0
NDVI,Rice,78,0.0
NDVI,Rice,79,0.0
NDVI,Rice,80,0.0
NDVI,Rice,81,0.0
NDVI,Rice,82,0.0
NDVI,Rice,83,0.0
NDVI,Rice,84,0.0
NDVI,Rice,85,0.0
NDVI,Rice,86,0.0
NDVI,Rice,87,0.0
NDVI,Rice,88,0.0
NDVI,Rice,89,0.0
NDVI,Rice,90,0.0
NDVI,Rice,91,0.4940390884876251
NDVI,Rice,92,0.4955315589904785
NDVI,Rice,93,0.4955315589904785
NDVI,Rice,94,0.4955315589904785
NDVI,Rice,95,0.4955315589904785
NDVI,Rice,96,0.4955315589904785
NDVI,Rice,97,0.4955315589904785
NDVI,Rice,98,0.4955315589904785
NDVI,Rice,99,0.4955315589904785
NDVI,Rice,100,0.4955315589904785
NDVI,Rice,101,0.4955315589904785
NDVI,Rice,102,0.4955315589904785
NDVI,Rice,103,0.4955315589904785
NDVI,Rice,104,0.4955315589904785
NDVI,Rice,105,0.4955315589904785
NDVI,Rice,106,0.5228191614151001
NDVI,Rice,107,0.532336950302124
NDVI,Rice,108,0.532336950302124
NDVI,Rice,109,0.532336950302124
NDVI,Rice,110,0.532336950302124
NDVI,Rice,111,0.532336950302124
NDVI,Rice,112,0.532336950302124
NDVI,Rice,113,0.532336950302124
NDVI,Rice,114,0.532336950302124
NDVI,Rice,115,0.532336950302124
NDVI,Rice,116,0.532336950302124
NDVI,Rice,117,0.532336950302124
NDVI,Rice,118,0.532336950302124
NDVI,Rice,119,0.532336950302124
NDVI,Rice,120,0.532336950302124
NDVI,Rice,121,0.5489307641983032
NDVI,Rice,122,0.5549488663673401
NDVI,Rice,123,0.5549488663673401
NDVI,Rice,124,0.5549488663673401
NDVI,Rice,125,0.5549488663673401
NDVI,Rice,126,0.5549488663673401
NDVI,Rice,127,0.5549488663673401
NDVI,Rice,128,0.5549488663673401
NDVI,Rice,129,0.5549488663673401
NDVI,Rice,130,0.5549488663673401
NDVI,Rice,131,0.5549488663673401
NDVI,Rice,132,0.5549488663673401
NDVI,Rice,133,0.5549488663673401
NDVI,Rice,134,0.5549488663673401
NDVI,Rice,135,0.5549488663673401
NDVI,Rice,136,0.5689496397972107
NDVI,Rice,137,0.5755538940429688
NDVI,Rice,138,0.5755538940429688
NDVI,Rice,139,0.5755538940429688
NDVI,Rice,140,0.5755538940429688
NDVI,Rice,141,0.5755538940429688
NDVI,Rice,142,0.5755538940429688
NDVI,Rice,143,0.5755538940429688
NDVI,Rice,144,0.5755538940429688
NDVI,Rice,145,0.5755538940429688
NDVI,Rice,146,0.5755538940429688
NDVI,Rice,147,0.5755538940429688
NDVI,Rice,148,0.5755538940429688
NDVI,Rice,149,0.5755538940429688
NDVI,Rice,150,0.5755538940429688
NDVI,Rice,151,0.5755538940429688
NDVI,Rice,152,0.5948049426078796
NDVI,Rice,153,0.6003713607788086
NDVI,Rice,154,0.6003713607788086
NDVI,Rice,155,0.6003713607788086
NDVI,Rice,156,0.6003713607788086
NDVI,Rice,157,0.6003713607788086
NDVI,Rice,158,0.6003713607788086
NDVI,Rice,159,0.6003713607788086
NDVI,Rice,160,0.6003713607788086
NDVI,Rice,161,0.6003713607788086
NDVI,Rice,162,0.6003713607788086
NDVI,Rice,163,0.6003713607788086
NDVI,Rice,164,0.6003713607788086
NDVI,Rice,165,0.6003713607788086
NDVI,Rice,166,0.6003713607788086
NDVI,Rice,167,0.6238864064216614
NDVI,Rice,168,0.6317846179008484
NDVI,Rice,169,0.6317846179008484
NDVI,Rice,170,0.6317846179008484
NDVI,Rice,171,0.6317846179008484
NDVI,Rice,172,0.6317846179008484
NDVI,Rice,173,0.6317846179008484
NDVI,Rice,174,0.6317846179008484
NDVI,Rice,175,0.6317846179008484
NDVI,Rice,176,0.6317846179008484
NDVI,Rice,177,0.6317846179008484
NDVI,Rice,178,0.6317846179008484
NDVI,Rice,179,0.6317846179008484
NDVI,Rice,180,0.6317846179008484
NDVI,Rice,181,0.6317846179008484
NDVI,Rice,182,0.6620112657546997
NDVI,Rice,183,0.6710915565490723
NDVI,Rice,184,0.6710915565490723
NDVI,Rice,185,0.6710915565490723
NDVI,Rice,186,0.6710915565490723
NDVI,Rice,187,0.6710915565490723
NDVI,Rice,188,0.6710915565490723
NDVI,Rice,189,0.6710915565490723
NDVI,Rice,190,0.6710915565490723
NDVI,Rice,191,0.6710915565490723
NDVI,Rice,192,0.6710915565490723
NDVI,Rice,193,0.6710915565490723
NDVI,Rice,194,0.6710915565490723
NDVI,Rice,195,0.6710915565490723
NDVI,Rice,196,0.6710915565490723
NDVI,Rice,197,0.6896219253540039
NDVI,Rice,198,0.6957619786262512
NDVI,Rice,199,0.6957619786262512
NDVI,Rice,200,0.6957619786262512
NDVI,Rice,201,0.6957619786262512
NDVI,Rice,202,0.6957619786262512
NDVI,Rice,203,0.6957619786262512
NDVI,Rice,204,0.6957619786262512
NDVI,Rice,205,0.6957619786262512
NDVI,Rice,206,0.6957619786262512
NDVI,Rice,207,0.6957619786262512
NDVI,Rice,208,0.6957619786262512
NDVI,Rice,209,0.6957619786262512
NDVI,Rice,210,0.6957619786262512
NDVI,Rice,211,0.6957619786262512
NDVI,Rice,212,0.6957619786262512
NDVI,Rice,213,0.6955966353416443
NDVI,Rice,214,0.0
NDVI,Rice,215,0.0
NDVI,Rice,216,0.0
NDVI,Rice,217,0.0
NDVI,Rice,218,0.0
NDVI,Rice,219,0.0
NDVI,Rice,220,0.0
NDVI,Rice,221,0.0
NDVI,Rice,222,0.0
NDVI,Rice,223,0.0
NDVI,Rice,224,0.0
NDVI,Rice,225,0.0
NDVI,Rice,226,0.0
NDVI,Rice,227,0.0
NDVI,Rice,228,0.0
NDVI,Rice,229,0.0
NDVI,Rice,230,0.0
NDVI,Rice,231,0.0
NDVI,Rice,232,0.0
NDVI,Rice,233,0.0
NDVI,Rice,234,0.0
NDVI,Rice,235,0.0
NDVI,Rice,236,0.0
NDVI,Rice,237,0.0
NDVI,Rice,238,0.0
NDVI,Rice,239,0.0
NDVI,Rice,240,0.0
NDVI,Rice,241,0.0
NDVI,Rice,242,0.0
NDVI,Rice,243,0.0
NDVI,Rice,244,0.0
NDVI,Rice,245,0.0
NDVI,Rice,246,0.0
NDVI,Rice,247,0.0
NDVI,Rice,248,0.0
NDVI,Rice,249,0.0
NDVI,Rice,250,0.0
NDVI,Rice,251,0.0
NDVI,Rice,252,0.0
NDVI,Rice,253,0.0
NDVI,Rice,254,0.0
NDVI,Rice,255,0.0
NDVI,Rice,256,0.0
NDVI,Rice,257,0.0
NDVI,Rice,258,0.0
NDVI,Rice,259,0.0
NDVI,Rice,260,0.0
NDVI,Rice,261,0.0
NDVI,Rice,262,0.0
NDVI,Rice,263,0.0
NDVI,Rice,264,0.0
NDVI,Rice,265,0.0
NDVI,Rice,266,0.0
NDVI,Rice,267,0.0
NDVI,Rice,268,0.0
NDVI,Rice,269,0.0
NDVI,Rice,270,0.0
NDVI,Rice,271,0.0
NDVI,Rice,272,0.0
NDVI,Rice,273,0.0
NDVI,Rice,274,0.0
NDVI,Rice,275,0.0
NDVI,Rice,276,0.0
NDVI,Rice,277,0.0
NDVI,Rice,278,0.0
NDVI,Rice,279,0.0
NDVI,Rice,280,0.0
NDVI,Rice,281,0.0
NDVI,Rice,282,0.0
NDVI,Rice,283,0.0
NDVI,Rice,284,0.0
NDVI,Rice,285,0.0
NDVI,Rice,286,0.0
NDVI,Rice,287,0.0
NDVI,Rice,288,0.0
NDVI,Rice,289,0.0
NDVI,Rice,290,0.0
NDVI,Rice,291,0.0
NDVI,Rice,292,0.0
NDVI,Rice,293,0.0
NDVI,Rice,294,0.0
NDVI,Rice,295,0.0
NDVI,Rice,296,0.0
NDVI,Rice,297,0.0
NDVI,Rice,298,0.0
NDVI,Rice,299,0.0
NDVI,Rice,300,0.0
NDVI,Rice,301,0.0
NDVI,Rice,302,0.0
NDVI,Rice,303,0.0
NDVI,Rice,304,0.0
NDVI,Rice,305,0.0
NDVI,Rice,306,0.0
NDVI,Rice,307,0.0
NDVI,Rice,308,0.0
NDVI,Rice,309,0.0
NDVI,Rice,310,0.0
NDVI,Rice,311,0.0
NDVI,Rice,312,0.0
NDVI,Rice,313,0.0
NDVI,Rice,314,0.0
NDVI,Rice,315,0.0
NDVI,Rice,316,0.0
NDVI,Rice,317,0.0
NDVI,Rice,318,0.0
NDVI,Rice,319,0.0
NDVI,Rice,320,0.0
NDVI,Rice,321,0.0
NDVI,Rice,322,0.0
NDVI,Rice,323,0.0
NDVI,Rice,324,0.0
NDVI,Rice,325,0.0
NDVI,Rice,326,0.0
NDVI,Rice,327,0.0
NDVI,Rice,328,0.0
NDVI,Rice,329,0.0
NDVI,Rice,330,0.0
NDVI,Rice,331,0.0
NDVI,Rice,332,0.0
NDVI,Rice,333,0.0
NDVI,Rice,334,0.0
NDVI,Rice,335,0.0
NDVI,Rice,336,0.0
NDVI,Rice,337,0.0
NDVI,Rice,338,0.0
NDVI,Rice,339,0.0
NDVI,Rice,340,0.0
NDVI,Rice,341,0.0
NDVI,Rice,342,0.0
NDVI,Rice,343,0.0
NDVI,Rice,344,0.0
NDVI,Rice,345,0.0
NDVI,Rice,346,0.0
NDVI,Rice,347,0.0
NDVI,Rice,348,0.0
NDVI,Rice,349,0.0
NDVI,Rice,350,0.0
NDVI,Rice,351,0.0
NDVI,Rice,352,0.0
NDVI,Rice,353,0.0
NDVI,Rice,354,0.0
NDVI,Rice,355,0.0
NDVI,Rice,356,0.0
NDVI,Rice,357,0.0
NDVI,Rice,358,0.0
NDVI,Rice,359,0.0
NDVI,Rice,360,0.0
NDVI,Rice,361,0.0
NDVI,Rice,362,0.0
NDVI,Rice,363,0.0
NDVI,Rice,364,0.0
NDVI,Rice,365,0.0
NDVI,Soybean,1,0.0
NDVI,Soybean,2,0.0
NDVI,Soybean,3,0.0
NDVI,Soybean,4,0.0
NDVI,Soybean,5,0.0
NDVI,Soybean,6,0.0
NDVI,Soybean,7,0.0
NDVI,Soybean,8,0.0
NDVI,Soybean,9,0.0
NDVI,Soybean,10,0.0
NDVI,Soybean,11,0.0
NDVI,Soybean,12,0.0
NDVI,Soybean,13,0.0
NDVI,Soybean,14,0.0
NDVI,Soybean,15,0.0
NDVI,Soybean,16,0.0
NDVI,Soybean,17,0.0
NDVI,Soybean,18,0.0
NDVI,Soybean,19,0.0
NDVI,Soybean,20,0.0
NDVI,Soybean,21,0.0
NDVI,Soybean,22,0.0
NDVI,Soybean,23,0.0
NDVI,Soybean,24,0.0
NDVI,Soybean,25,0.0
NDVI,Soybean,26,0.0
NDVI,Soybean,27,0.0
NDVI,Soybean,28,0.0
NDVI,Soybean,29,0.0
NDVI,Soybean,30,0.0
NDVI,Soybean,31,0.0
NDVI,Soybean,32,0.0
NDVI,Soybean,33,0.0
NDVI,Soybean,34,0.0
NDVI,Soybean,35,0.0
NDVI,Soybean,36,0.0
NDVI,Soybean,37,0.0
NDVI,Soybean,38,0.0
NDVI,Soybean,39,0.0
NDVI,Soybean,40,0.0
NDVI,Soybean,41,0.0
NDVI,Soybean,42,0.0
NDVI,Soybean,43,0.0
NDVI,Soybean,44,0.0
NDVI,Soybean,45,0.0
NDVI,Soybean,46,0.0
NDVI,Soybean,47,0.0
NDVI,Soybean,48,0.0
NDVI,Soybean,49,0.0
NDVI,Soybean,50,0.0
NDVI,Soybean,51,0.0
NDVI,Soybean,52,0.0
NDVI,Soybean,53,0.0
NDVI,Soybean,54,0.0
NDVI,Soybean,55,0.0
NDVI,Soybean,56,0.0
NDVI,Soybean,57,0.0
NDVI,Soybean,58,0.0
NDVI,Soybean,59,0.0
NDVI,Soybean,60,0.0
NDVI,Soybean,61,0.0
NDVI,Soybean,62,0.0
NDVI,Soybean,63,0.0
NDVI,Soybean,64,0.0
NDVI,Soybean,65,0.0
NDVI,Soybean,66,0.0
NDVI,Soybean,67,0.0
NDVI,Soybean,68,0.0
NDVI,Soybean,69,0.0
NDVI,Soybean,70,0.0
NDVI,Soybean,71,0.0
NDVI,Soybean,72,0.0
NDVI,Soybean,73,0.0
NDVI,Soybean,74,0.0
NDVI,Soybean,75,0.0
NDVI,Soybean,76,0.0
NDVI,Soybean,77,0.0
NDVI,Soybean,78,0.0
NDVI,Soybean,79,0.0
NDVI,Soybean,80,0.0
NDVI,Soybean,81,0.0
NDVI,Soybean,82,0.0
NDVI,Soybean,83,0.0
NDVI,Soybean,84,0.0
NDVI,Soybean,85,0.0
NDVI,Soybean,86,0.0
NDVI,Soybean,87,0.0
NDVI,Soybean,88,0.0
NDVI,Soybean,89,0.0
NDVI,Soybean,90,0.0
NDVI,Soybean,91,0.0
NDVI,Soybean,92,0.0
NDVI,Soybean,93,0.0
NDVI,Soybean,94,0.0
NDVI,Soybean,95,0.0
NDVI,Soybean,96,0.0
NDVI,Soybean,97,0.0
NDVI,Soybean,98,0.0
NDVI,Soybean,99,0.0
NDVI,Soybean,100,0.0
NDVI,Soybean,101,0.0
NDVI,Soybean,102,0.0
NDVI,Soybean,103,0.0
NDVI,Soybean,104,0.0
NDVI,Soybean,105,0.0
NDVI,Soybean,106,0.0
NDVI,Soybean,107,0.0
NDVI,Soybean,108,0.0
NDVI,Soybean,109,0.0
NDVI,Soybean,110,0.0
NDVI,Soybean,111,0.0
NDVI,Soybean,112,0.0
NDVI,Soybean,113,0.0
NDVI,Soybean,114,0.0
NDVI,Soybean,115,0.0
NDVI,Soybean,116,0.0
NDVI,Soybean,117,0.0
NDVI,Soybean,118,0.0
NDVI,Soybean,119,0.0
NDVI,Soybean,120,0.0
NDVI,Soybean,121,
NDVI,Soybean,122,
NDVI,Soybean,123,
NDVI,Soybean,124,
NDVI,Soybean,125,
NDVI,Soybean,126,
NDVI,Soybean,127,
NDVI,Soybean,128,
NDVI,Soybean,129,
NDVI,Soybean,130,
NDVI,Soybean,131,
NDVI,Soybean,132,
NDVI,Soybean,133,
NDVI,Soybean,134,
NDVI,Soybean,135,
NDVI,Soybean,136,
NDVI,Soybean,137,
NDVI,Soybean,138,
NDVI,Soybean,139,
NDVI,Soybean,140,
NDVI,Soybean,141,
NDVI,Soybean,142,
NDVI,Soybean,143,
NDVI,Soybean,144,
NDVI,Soybean,145,
NDVI,Soybean,146,
NDVI,Soybean,147,
NDVI,Soybean,148,
NDVI,Soybean,149,
NDVI,Soybean,150,
NDVI,Soybean,151,
NDVI,Soybean,152,
NDVI,Soybean,153,
NDVI,Soybean,154,
NDVI,Soybean,155,
NDVI,Soybean,156,
NDVI,Soybean,157,
NDVI,Soybean,158,
NDVI,Soybean,159,
NDVI,Soybean,160,
NDVI,Soybean,161,
NDVI,Soybean,162,
NDVI,Soybean,163,
NDVI,Soybean,164,
NDVI,Soybean,165,
NDVI,Soybean,166,
NDVI,Soybean,167,
NDVI,Soybean,168,
NDVI,Soybean,169,
NDVI,Soybean,170,
NDVI,Soybean,171,
NDVI,Soybean,172,
NDVI,Soybean,173,
NDVI,Soybean,174,
NDVI,Soybean,175,
NDVI,Soybean,176,
NDVI,Soybean,177,
NDVI,Soybean,178,
NDVI,Soybean,179,
NDVI,Soybean,180,
NDVI,Soybean,181,
NDVI,Soybean,182,
NDVI,Soybean,183,
NDVI,Soybean,184,
NDVI,Soybean,185,
NDVI,Soybean,186,
NDVI,Soybean,187,
NDVI,Soybean,188,
NDVI,Soybean,189,
NDVI,Soybean,190,
NDVI,Soybean,191,
NDVI,Soybean,192,
NDVI,Soybean,193,
NDVI,Soybean,194,
NDVI,Soybean,195,
NDVI,Soybean,196,
NDVI,Soybean,197,
NDVI,Soybean,198,
NDVI,Soybean,199,
NDVI,Soybean,200,
NDVI,Soybean,201,
NDVI,Soybean,202,
NDVI,Soybean,203,
NDVI,Soybean,204,
NDVI,Soybean,205,
NDVI,Soybean,206,
NDVI,Soybean,207,
NDVI,Soybean,208,
NDVI,Soybean,209,
NDVI,Soybean,210,
NDVI,Soybean,211,
NDVI,Soybean,212,
NDVI,Soybean,213,
NDVI,Soybean,214,
NDVI,Soybean,215,
NDVI,Soybean,216,
NDVI,Soybean,217,
NDVI,Soybean,218,
NDVI,Soybean,219,
NDVI,Soybean,220,
NDVI,Soybean,221,
NDVI,Soybean,222,
NDVI,Soybean,223,
NDVI,Soybean,224,
NDVI,Soybean,225,
NDVI,Soybean,226,
NDVI,Soybean,227,
NDVI,Soybean,228,
NDVI,Soybean,229,
NDVI,Soybean,230,
NDVI,Soybean,231,
NDVI,Soybean,232,
NDVI,Soybean,233,
NDVI,Soybean,234,
NDVI,Soybean,235,
NDVI,Soybean,236,
NDVI,Soybean,237,
NDVI,Soybean,238,
NDVI,Soybean,239,
NDVI,Soybean,240,
NDVI,Soybean,241,
NDVI,Soybean,242,
NDVI,Soybean,243,
NDVI,Soybean,244,
NDVI,Soybean,245,0.0
NDVI,Soybean,246,0.0
NDVI,Soybean,247,0.0
NDVI,Soybean,248,0.0
NDVI,Soybean,249,0.0
NDVI,Soybean,250,0.0
NDVI,Soybean,251,0.0
NDVI,Soybean,252,0.0
NDVI,Soybean,253,0.0
NDVI,Soybean,254,0.0
NDVI,Soybean,255,0.0
NDVI,Soybean,256,0.0
NDVI,Soybean,257,0.0
NDVI,Soybean,258,0.0
NDVI,Soybean,259,0.0
NDVI,Soybean,260,0.0
NDVI,Soybean,261,0.0
NDVI,Soybean,262,0.0
NDVI,Soybean,263,0.0
NDVI,Soybean,264,0.0
NDVI,Soybean,265,0.0
NDVI,Soybean,266,0.0
NDVI,Soybean,267,0.0
NDVI,Soybean,268,0.0
NDVI,Soybean,269,0.0
NDVI,Soybean,270,0.0
NDVI,Soybean,271,0.0
NDVI,Soybean,272,0.0
NDVI,Soybean,273,0.0
NDVI,Soybean,274,0.0
NDVI,Soybean,275,0.0
NDVI,Soybean,276,0.0
NDVI,Soybean,277,0.0
NDVI,Soybean,278,0.0
NDVI,Soybean,279,0.0
NDVI,Soybean,280,0.0
NDVI,Soybean,281,0.0
NDVI,Soybean,282,0.0
NDVI,Soybean,283,0.0
NDVI,Soybean,284,0.0
NDVI,Soybean,285,0.0
NDVI,Soybean,286,0.0
NDVI,Soybean,287,0.0
NDVI,Soybean,288,0.0
NDVI,Soybean,289,0.0
NDVI,Soybean,290,0.0
NDVI,Soybean,291,0.0
NDVI,Soybean,292,0.0
NDVI,Soybean,293,0.0
NDVI,Soybean,294,0.0
NDVI,Soybean,295,0.0
NDVI,Soybean,296,0.0
NDVI,Soybean,297,0.0
NDVI,Soybean,298,0.0
NDVI,Soybean,299,0.0
NDVI,Soybean,300,0.0
NDVI,Soybean,301,0.0
NDVI,Soybean,302,0.0
NDVI,Soybean,303,0.0
NDVI,Soybean,304,0.0
NDVI,Soybean,305,0.0
NDVI,Soybean,306,0.0
NDVI,Soybean,307,0.0
NDVI,Soybean,308,0.0
NDVI,Soybean,309,0.0
NDVI,Soybean,310,0.0
NDVI,Soybean,311,0.0
NDVI,Soybean,312,0.0
NDVI,Soybean,313,0.0
NDVI,Soybean,314,0.0
NDVI,Soybean,315,0.0
NDVI,Soybean,316,0.0
NDVI,Soybean,317,0.0
NDVI,Soybean,318,0.0
NDVI,Soybean,319,0.0
NDVI,Soybean,320,0.0
NDVI,Soybean,321,0.0
NDVI,Soybean,322,0.0
NDVI,Soybean,323,0.0
NDVI,Soybean,324,0.0
NDVI,Soybean,325,0.0
NDVI,Soybean,326,0.0
NDVI,Soybean,327,0.0
NDVI,Soybean,328,0.0
NDVI,Soybean,329,0.0
NDVI,Soybean,330,0.0
NDVI,Soybean,331,0.0
NDVI,Soybean,332,0.0
NDVI,Soybean,333,0.0
NDVI,Soybean,334,0.0
NDVI,Soybean,335,0.0
NDVI,Soybean,336,0.0
NDVI,Soybean,337,0.0
NDVI,Soybean,338,0.0
NDVI,Soybean,339,0.0
NDVI,Soybean,340,0.0
NDVI,Soybean,341,0.0
NDVI,Soybean,342,0.0
NDVI,Soybean,343,0.0
NDVI,Soybean,344,0.0
NDVI,Soybean,345,0.0
NDVI,Soybean,346,0.0
NDVI,Soybean,347,0.0
NDVI,Soybean,348,0.0
NDVI,Soybean,349,0.0
NDVI,Soybean,350,0.0
NDVI,Soybean,351,0.0
NDVI,Soybean,352,0.0
NDVI,Soybean,353,0.0
NDVI,Soybean,354,0.0
NDVI,Soybean,355,0.0
NDVI,Soybean,356,0.0
NDVI,Soybean,357,0.0
NDVI,Soybean,358,0.0
NDVI,Soybean,359,0.0
NDVI,Soybean,360,0.0
NDVI,Soybean,361,0.0
NDVI,Soybean,362,0.0
NDVI,Soybean,363,0.0
NDVI,Soybean,364,0.0
NDVI,Soybean,365,0.0
NDVI,Wheat,1,0.0
NDVI,Wheat,2,0.0
NDVI,Wheat,3,0.0
NDVI,Wheat,4,0.0
NDVI,Wheat,5,0.0
NDVI,Wheat,6,0.0
NDVI,Wheat,7,0.0
NDVI,Wheat,8,0.0
NDVI,Wheat,9,0.0
NDVI,Wheat,10,0.0
NDVI,Wheat,11,0.0
NDVI,Wheat,12,0.0
NDVI,Wheat,13,0.0
NDVI,Wheat,14,0.0
NDVI,Wheat,15,0.0
NDVI,Wheat,16,0.0
NDVI,Wheat,17,0.0
NDVI,Wheat,18,0.0
NDVI,Wheat,19,0.0
NDVI,Wheat,20,0.0
NDVI,Wheat,21,0.0
NDVI,Wheat,22,0.0
NDVI,Wheat,23,0.0
NDVI,Wheat,24,0.0
NDVI,Wheat,25,0.0
NDVI,Wheat,26,0.0
NDVI,Wheat,27,0.0
NDVI,Wheat,28,0.0
NDVI,Wheat,29,0.0
NDVI,Wheat,30,0.0
NDVI,Wheat,31,0.0
NDVI,Wheat,32,0.0
NDVI,Wheat,33,0.0
NDVI,Wheat,34,0.0
NDVI,Wheat,35,0.0
NDVI,Wheat,36,0.0
NDVI,Wheat,37,0.0
NDVI,Wheat,38,0.0
NDVI,Wheat,39,0.0
NDVI,Wheat,40,0.0
NDVI,Wheat,41,0.0
NDVI,Wheat,42,0.0
NDVI,Wheat,43,0.0
NDVI,Wheat,44,0.0
NDVI,Wheat,45,0.0
NDVI,Wheat,46,0.0
NDVI,Wheat,47,0.0
NDVI,Wheat,48,0.0
NDVI,Wheat,49,0.0
NDVI,Wheat,50,0.0
NDVI,Wheat,51,0.0
NDVI,Wheat,52,0.0
NDVI,Wheat,53,0.0
NDVI,Wheat,54,0.0
NDVI,Wheat,55,0.0
NDVI,Wheat,56,0.0
NDVI,Wheat,57,0.0
NDVI,Wheat,58,0.0
NDVI,Wheat,59,0.0
NDVI,Wheat,60,
NDVI,Wheat,61,
NDVI,Wheat,62,
NDVI,Wheat,63,
NDVI,Wheat,64,
NDVI,Wheat,65,
NDVI,Wheat,66,
NDVI,Wheat,67,
NDVI,Wheat,68,
NDVI,Wheat,69,
NDVI,Wheat,70,
NDVI,Wheat,71,
NDVI,Wheat,72,
NDVI,Wheat,73,
NDVI,Wheat,74,
NDVI,Wheat,75,
NDVI,Wheat,76,
NDVI,Wheat,77,
NDVI,Wheat,78,
NDVI,Wheat,79,
NDVI,Wheat,80,
NDVI,Wheat,81,
NDVI,Wheat,82,
NDVI,Wheat,83,
NDVI,Wheat,84,
NDVI,Wheat,85,
NDVI,Wheat,86,
NDVI,Wheat,87,
NDVI,Wheat,88,
NDVI,Wheat,89,
NDVI,Wheat,90,
NDVI,Wheat,91,
NDVI,Wheat,92,
NDVI,Wheat,93,
NDVI,Wheat,94,
NDVI,Wheat,95,
NDVI,Wheat,96,
NDVI,Wheat,97,
NDVI,Wheat,98,
NDVI,Wheat,99,
NDVI,Wheat,100,
NDVI,Wheat,101,
NDVI,Wheat,102,
NDVI,Wheat,103,
NDVI,Wheat,104,
NDVI,Wheat,105,
NDVI,Wheat,106,
NDVI,Wheat,107,
NDVI,Wheat,108,
NDVI,Wheat,109,
NDVI,Wheat,110,
NDVI,Wheat,111,
NDVI,Wheat,112,
NDVI,Wheat,113,
NDVI,Wheat,114,
NDVI,Wheat,115,
NDVI,Wheat,116,
NDVI,Wheat,117,
NDVI,Wheat,118,
NDVI,Wheat,119,
NDVI,Wheat,120,
NDVI,Wheat,121,
NDVI,Wheat,122,
NDVI,Wheat,123,
NDVI,Wheat,124,
NDVI,Wheat,125,
NDVI,Wheat,126,
NDVI,Wheat,127,
NDVI,Wheat,128,
NDVI,Wheat,129,
NDVI,Wheat,130,
NDVI,Wheat,131,
NDVI,Wheat,132,
NDVI,Wheat,133,
NDVI,Wheat,134,
NDVI,Wheat,135,
NDVI,Wheat,136,
NDVI,Wheat,137,
NDVI,Wheat,138,
NDVI,Wheat,139,
NDVI,Wheat,140,
NDVI,Wheat,141,
NDVI,Wheat,142,
NDVI,Wheat,143,
NDVI,Wheat,144,
NDVI,Wheat,145,
NDVI,Wheat,146,
NDVI,Wheat,147,
NDVI,Wheat,148,
NDVI,Wheat,149,
NDVI,Wheat,150,
NDVI,Wheat,151,
NDVI,Wheat,152,
NDVI,Wheat,153,
NDVI,Wheat,154,
NDVI,Wheat,155,
NDVI,Wheat,156,
NDVI,Wheat,157,
NDVI,Wheat,158,
NDVI,Wheat,159,
NDVI,Wheat,160,
NDVI,Wheat,161,
NDVI,Wheat,162,
NDVI,Wheat,163,
NDVI,Wheat,164,
NDVI,Wheat,165,
NDVI,Wheat,166,
NDVI,Wheat,167,
NDVI,Wheat,168,
NDVI,Wheat,169,
NDVI,Wheat,170,
NDVI,Wheat,171,
NDVI,Wheat,172,
NDVI,Wheat,173,
NDVI,Wheat,174,
NDVI,Wheat,175,
NDVI,Wheat,176,
NDVI,Wheat,177,
NDVI,Wheat,178,
NDVI,Wheat,179,
NDVI,Wheat,180,
NDVI,Wheat,181,
NDVI,Wheat,182,
NDVI,Wheat,183,0.0
NDVI,Wheat,184,0.0
NDVI,Wheat,185,0.0
NDVI,Wheat,186,0.0
NDVI,Wheat,187,0.0
NDVI,Wheat,188,0.0
NDVI,Wheat,189,0.0
NDVI,Wheat,190,0.0
NDVI,Wheat,191,0.0
NDVI,Wheat,192,0.0
NDVI,Wheat,193,0.0
NDVI,Wheat,194,0.0
NDVI,Wheat,195,0.0
NDVI,Wheat,196,0.0
NDVI,Wheat,197,0.0
NDVI,Wheat,198,0.0
NDVI,Wheat,199,0.0
NDVI,Wheat,200,0.0
NDVI,Wheat,201,0.0
NDVI,Wheat,202,0.0
NDVI,Wheat,203,0.0
NDVI,Wheat,204,0.0
NDVI,Wheat,205,0.0
NDVI,Wheat,206,0.0
NDVI,Wheat,207,0.0
NDVI,Wheat,208,0.0
NDVI,Wheat,209,0.0
NDVI,Wheat,210,0.0
NDVI,Wheat,211,0.0
NDVI,Wheat,212,0.0
NDVI,Wheat,213,0.0
NDVI,Wheat,214,0.0
NDVI,Wheat,215,0.0
NDVI,Wheat,216,0.0
NDVI,Wheat,217,0.0
NDVI,Wheat,218,0.0
NDVI,Wheat,219,0.0
NDVI,Wheat,220,0.0
NDVI,Wheat,221,0.0
NDVI,Wheat,222,0.0
NDVI,Wheat,223,0.0
NDVI,Wheat,224,0.0
NDVI,Wheat,225,0.0
NDVI,Wheat,226,0.0
NDVI,Wheat,227,0.0
NDVI,Wheat,228,0.0
NDVI,Wheat,229,0.0
NDVI,Wheat,230,0.0
NDVI,Wheat,231,0.0
NDVI,Wheat,232,0.0
NDVI,Wheat,233,0.0
NDVI,Wheat,234,0.0
NDVI,Wheat,235,0.0
NDVI,Wheat,236,0.0
NDVI,Wheat,237,0.0
NDVI,Wheat,238,0.0
NDVI,Wheat,239,0.0
NDVI,Wheat,240,0.0
NDVI,Wheat,241,0.0
NDVI,Wheat,242,0.0
NDVI,Wheat,243,0.0
NDVI,Wheat,244,0.0
NDVI,Wheat,245,0.0
NDVI,Wheat,246,0.0
NDVI,Wheat,247,0.0
NDVI,Wheat,248,0.0
NDVI,Wheat,249,0.0
NDVI,Wheat,250,0.0
NDVI,Wheat,251,0.0
NDVI,Wheat,252,0.0
NDVI,Wheat,253,0.0
NDVI,Wheat,254,0.0
NDVI,Wheat,255,0.0
NDVI,Wheat,256,0.0
NDVI,Wheat,257,0.0
NDVI,Wheat,258,0.0
NDVI,Wheat,259,0.0
NDVI,Wheat,260,0.0
NDVI,Wheat,261,0.0
NDVI,Wheat,262,0.0
NDVI,Wheat,263,0.0
NDVI,Wheat,264,0.0
NDVI,Wheat,265,0.0
NDVI,Wheat,266,0.0
NDVI,Wheat,267,0.0
NDVI,Wheat,268,0.0
NDVI,Wheat,269,0.0
NDVI,Wheat,270,0.0
NDVI,Wheat,271,0.0
NDVI,Wheat,272,0.0
NDVI,Wheat,273,0.0
NDVI,Wheat,274,0.0
NDVI,Wheat,275,0.0
NDVI,Wheat,276,0.0
NDVI,Wheat,277,0.0
NDVI,Wheat,278,0.0
NDVI,Wheat,279,0.0
NDVI,Wheat,280,0.0
NDVI,Wheat,281,0.0
NDVI,Wheat,282,0.0
NDVI,Wheat,283,0.0
NDVI,Wheat,284,0.0
NDVI,Wheat,285,0.0
NDVI,Wheat,286,0.0
NDVI,Wheat,287,0.0
NDVI,Wheat,288,0.0
NDVI,Wheat,289,0.0
NDVI,Wheat,290,0.0
NDVI,Wheat,291,0.0
NDVI,Wheat,292,0.0
NDVI,Wheat,293,0.0
NDVI,Wheat,294,0.0
NDVI,Wheat,295,0.0
NDVI,Wheat,296,0.0
NDVI,Wheat,297,0.0
NDVI,Wheat,298,0.0
NDVI,Wheat,299,0.0
NDVI,Wheat,300,0.0
NDVI,Wheat,301,0.0
NDVI,Wheat,302,0.0
NDVI,Wheat,303,0.0
NDVI,Wheat,304,0.0
NDVI,Wheat,305,0.0
NDVI,Wheat,306,0.0
NDVI,Wheat,307,0.0
NDVI,Wheat,308,0.0
NDVI,Wheat,309,0.0
NDVI,Wheat,310,0.0
NDVI,Wheat,311,0.0
NDVI,Wheat,312,0.0
NDVI,Wheat,313,0.0
NDVI,Wheat,314,0.0
NDVI,Wheat,315,0.0
NDVI,Wheat,316,0.0
NDVI,Wheat,317,0.0
NDVI,Wheat,318,0.0
NDVI,Wheat,319,0.0
NDVI,Wheat,320,0.0
NDVI,Wheat,321,0.0
NDVI,Wheat,322,0.0
NDVI,Wheat,323,0.0
NDVI,Wheat,324,0.0
NDVI,Wheat,325,0.0
NDVI,Wheat,326,0.0
NDVI,Wheat,327,0.0
NDVI,Wheat,328,0.0
NDVI,Wheat,329,0.0
NDVI,Wheat,330,0.0
NDVI,Wheat,331,0.0
NDVI,Wheat,332,0.0
NDVI,Wheat,333,0.0
NDVI,Wheat,334,0.0
NDVI,Wheat,335,0.0
NDVI,Wheat,336,0.0
NDVI,Wheat,337,0.0
NDVI,Wheat,338,0.0
NDVI,Wheat,339,0.0
NDVI,Wheat,340,0.0
NDVI,Wheat,341,0.0
NDVI,Wheat,342,0.0
NDVI,Wheat,343,0.0
NDVI,Wheat,344,0.0
NDVI,Wheat,345,0.0
NDVI,Wheat,346,0.0
NDVI,Wheat,347,0.0
NDVI,Wheat,348,0.0
NDVI,Wheat,349,0.0
NDVI,Wheat,350,0.0
NDVI,Wheat,351,0.0
NDVI,Wheat,352,0.0
NDVI,Wheat,353,0.0
NDVI,Wheat,354,0.0
NDVI,Wheat,355,0.0
NDVI,Wheat,356,0.0
NDVI,Wheat,357,0.0
NDVI,Wheat,358,0.0
NDVI,Wheat,359,0.0
NDVI,Wheat,360,0.0
NDVI,Wheat,361,0.0
NDVI,Wheat,362,0.0
NDVI,Wheat,363,0.0
NDVI,Wheat,364,0.0
NDVI,Wheat,365,0.0
Temperature_Air_2m_Mean_24h,Maize,1,0.0
Temperature_Air_2m_Mean_24h,Maize,2,0.0
Temperature_Air_2m_Mean_24h,Maize,3,0.0
Temperature_Air_2m_Mean_24h,Maize,4,0.0
Temperature_Air_2m_Mean_24h,Maize,5,0.0
Temperature_Air_2m_Mean_24h,Maize,6,0.0
Temperature_Air_2m_Mean_24h,Maize,7,0.0
Temperature_Air_2m_Mean_24h,Maize,8,0.0
Temperature_Air_2m_Mean_24h,Maize,9,0.0
Temperature_Air_2m_Mean_24h,Maize,10,0.0
Temperature_Air_2m_Mean_24h,Maize,11,0.0
Temperature_Air_2m_Mean_24h,Maize,12,0.0
Temperature_Air_2m_Mean_24h,Maize,13,0.0
Temperature_Air_2m_Mean_24h,Maize,14,0.0
Temperature_Air_2m_Mean_24h,Maize,15,0.0
Temperature_Air_2m_Mean_24h,Maize,16,0.0
Temperature_Air_2m_Mean_24h,Maize,17,0.0
Temperature_Air_2m_Mean_24h,Maize,18,0.0
Temperature_Air_2m_Mean_24h,Maize,19,0.0
Temperature_Air_2m_Mean_24h,Maize,20,0.0
Temperature_Air_2m_Mean_24h,Maize,21,0.0
Temperature_Air_2m_Mean_24h,Maize,22,0.0
Temperature_Air_2m_Mean_24h,Maize,23,0.0
Temperature_Air_2m_Mean_24h,Maize,24,0.0
Temperature_Air_2m_Mean_24h,Maize,25,0.0
Temperature_Air_2m_Mean_24h,Maize,26,0.0
Temperature_Air_2m_Mean_24h,Maize,27,0.0
Temperature_Air_2m_Mean_24h,Maize,28,0.0
Temperature_Air_2m_Mean_24h,Maize,29,0.0
Temperature_Air_2m_Mean_24h,Maize,30,0.0
Temperature_Air_2m_Mean_24h,Maize,31,0.0
Temperature_Air_2m_Mean_24h,Maize,32,0.0
Temperature_Air_2m_Mean_24h,Maize,33,0.0
Temperature_Air_2m_Mean_24h,Maize,34,0.0
Temperature_Air_2m_Mean_24h,Maize,35,0.0
Temperature_Air_2m_Mean_24h,Maize,36,0.0
Temperature_Air_2m_Mean_24h,Maize,37,0.0
Temperature_Air_2m_Mean_24h,Maize,38,0.0
Temperature_Air_2m_Mean_24h,Maize,39,0.0
Temperature_Air_2m_Mean_24h,Maize,40,0.0
Temperature_Air_2m_Mean_24h,Maize,41,0.0
Temperature_Air_2m_Mean_24h,Maize,42,0.0
Temperature_Air_2m_Mean_24h,Maize,43,0.0
Temperature_Air_2m_Mean_24h,Maize,44,0.0
Temperature_Air_2m_Mean_24h,Maize,45,0.0
Temperature_Air_2m_Mean_24h,Maize,46,0.0
Temperature_Air_2m_Mean_24h,Maize,47,0.0
Temperature_Air_2m_Mean_24h,Maize,48,0.0
Temperature_Air_2m_Mean_24h,Maize,49,0.0
Temperature_Air_2m_Mean_24h,Maize,50,0.0
Temperature_Air_2m_Mean_24h,Maize,51,0.0
Temperature_Air_2m_Mean_24h,Maize,52,0.0
Temperature_Air_2m_Mean_24h,Maize,53,0.0
Temperature_Air_2m_Mean_24h,Maize,54,0.0
Temperature_Air_2m_Mean_24h,Maize,55,0.0
Temperature_Air_2m_Mean_24h,Maize,56,0.0
Temperature_Air_2m_Mean_24h,Maize,57,0.0
Temperature_Air_2m_Mean_24h,Maize,58,0.0
Temperature_Air_2m_Mean_24h,Maize,59,0.0
Temperature_Air_2m_Mean_24h,Maize,60,0.0
Temperature_Air_2m_Mean_24h,Maize,61,0.0
Temperature_Air_2m_Mean_24h,Maize,62,0.0
Temperature_Air_2m_Mean_24h,Maize,63,0.0
Temperature_Air_2m_Mean_24h,Maize,64,0.0
Temperature_Air_2m_Mean_24h,Maize,65,0.0
Temperature_Air_2m_Mean_24h,Maize,66,0.0
Temperature_Air_2m_Mean_24h,Maize,67,0.0
Temperature_Air_2m_Mean_24h,Maize,68,0.0
Temperature_Air_2m_Mean_24h,Maize,69,0.0
Temperature_Air_2m_Mean_24h,Maize,70,0.0
Temperature_Air_2m_Mean_24h,Maize,71,0.0
Temperature_Air_2m_Mean_24h,Maize,72,0.0
Temperature_Air_2m_Mean_24h,Maize,73,0.0
Temperature_Air_2m_Mean_24h,Maize,74,0.0
Temperature_Air_2m_Mean_24h,Maize,75,0.0
Temperature_Air_2m_Mean_24h,Maize,76,0.0
Temperature_Air_2m_Mean_24h,Maize,77,0.0
Temperature_Air_2m_Mean_24h,Maize,78,0.0
Temperature_Air_2m_Mean_24h,Maize,79,0.0
Temperature_Air_2m_Mean_24h,Maize,80,0.0
Temperature_Air_2m_Mean_24h,Maize,81,0.0
Temperature_Air_2m_Mean_24h,Maize,82,0.0
Temperature_Air_2m_Mean_24h,Maize,83,0.0
Temperature_Air_2m_Mean_24h,Maize,84,0.0
Temperature_Air_2m_Mean_24h,Maize,85,0.0
Temperature_Air_2m_Mean_24h,Maize,86,0.0
Temperature_Air_2m_Mean_24h,Maize,87,0.0
Temperature_Air_2m_Mean_24h,Maize,88,0.0
Temperature_Air_2m_Mean_24h,Maize,89,0.0
Temperature_Air_2m_Mean_24h,Maize,90,0.0
Temperature_Air_2m_Mean_24h,Maize,91,282.3650207519531
Temperature_Air_2m_Mean_24h,Maize,92,282.6128845214844
Temperature_Air_2m_Mean_24h,Maize,93,282.8391418457031
Temperature_Air_2m_Mean_24h,Maize,94,282.7719421386719
Temperature_Air_2m_Mean_24h,Maize,95,282.55999755859375
Temperature_Air_2m_Mean_24h,Maize,96,282.65728759765625
Temperature_Air_2m_Mean_24h,Maize,97,283.1459045410156
Temperature_Air_2m_Mean_24h,Maize,98,283.36749267578125
Temperature_Air_2m_Mean_24h,Maize,99,283.2870788574219
Temperature_Air_2m_Mean_24h,Maize,100,283.46875
Temperature_Air_2m_Mean_24h,Maize,101,284.07916259765625
Temperature_Air_2m_Mean_24h,Maize,102,284.5633239746094
Temperature_Air_2m_Mean_24h,Maize,103,284.5638732910156
Temperature_Air_2m_Mean_24h,Maize,104,284.6069030761719
Temperature_Air_2m_Mean_24h,Maize,105,284.664794921875
Temperature_Air_2m_Mean_24h,Maize,106,284.69171142578125
Temperature_Air_2m_Mean_24h,Maize,107,284.8310546875
Temperature_Air_2m_Mean_24h,Maize,108,285.6538391113281
Temperature_Air_2m_Mean_24h,Maize,109,285.9369201660156
Temperature_Air_2m_Mean_24h,Maize,110,285.9085998535156
Temperature_Air_2m_Mean_24h,Maize,111,285.87750244140625
Temperature_Air_2m_Mean_24h,Maize,112,285.9617919921875
Temperature_Air_2m_Mean_24h,Maize,113,286.2908020019531
Temperature_Air_2m_Mean_24h,Maize,114,286.4817199707031
Temperature_Air_2m_Mean_24h,Maize,115,286.720947265625
Temperature_Air_2m_Mean_24h,Maize,116,287.0954895019531
Temperature_Air_2m_Mean_24h,Maize,117,286.8075256347656
Temperature_Air_2m_Mean_24h,Maize,118,286.6834411621094
Temperature_Air_2m_Mean_24h,Maize,119,287.17401123046875
Temperature_Air_2m_Mean_24h,Maize,120,287.39227294921875
Temperature_Air_2m_Mean_24h,Maize,121,287.3288269042969
Temperature_Air_2m_Mean_24h,Maize,122,287.5753479003906
Temperature_Air_2m_Mean_24h,Maize,123,287.80853271484375
Temperature_Air_2m_Mean_24h,Maize,124,288.2121276855469
Temperature_Air_2m_Mean_24h,Maize,125,288.54052734375
Temperature_Air_2m_Mean_24h,Maize,126,288.81915283203125
Temperature_Air_2m_Mean_24h,Maize,127,289.1961364746094
Temperature_Air_2m_Mean_24h,Maize,128,289.3260803222656
Temperature_Air_2m_Mean_24h,Maize,129,289.32757568359375
Temperature_Air_2m_Mean_24h,Maize,130,289.5067138671875
Temperature_Air_2m_Mean_24h,Maize,131,289.6092529296875
Temperature_Air_2m_Mean_24h,Maize,132,289.4811706542969
Temperature_Air_2m_Mean_24h,Maize,133,289.7144775390625
Temperature_Air_2m_Mean_24h,Maize,134,289.95867919921875
Temperature_Air_2m_Mean_24h,Maize,135,290.062744140625
Temperature_Air_2m_Mean_24h,Maize,136,290.3043212890625
Temperature_Air_2m_Mean_24h,Maize,137,290.4001770019531
Temperature_Air_2m_Mean_24h,Maize,138,290.5506591796875
Temperature_Air_2m_Mean_24h,Maize,139,290.7661437988281
Temperature_Air_2m_Mean_24h,Maize,140,290.8598327636719
Temperature_Air_2m_Mean_24h,Maize,141,290.9913330078125
Temperature_Air_2m_Mean_24h,Maize,142,291.38079833984375
Temperature_Air_2m_Mean_24h,Maize,143,291.7825012207031
Temperature_Air_2m_Mean_24h,Maize,144,291.8822937011719
Temperature_Air_2m_Mean_24h,Maize,145,291.90179443359375
Temperature_Air_2m_Mean_24h,Maize,146,291.9740295410156
Temperature_Air_2m_Mean_24h,Maize,147,292.29071044921875
Temperature_Air_2m_Mean_24h,Maize,148,292.6803283691406
Temperature_Air_2m_Mean_24h,Maize,149,292.98779296875
Temperature_Air_2m_Mean_24h,Maize,150,293.16033935546875
Temperature_Air_2m_Mean_24h,Maize,151,293.1628112792969
Temperature_Air_2m_Mean_24h,Maize,152,293.2092590332031
Temperature_Air_2m_Mean_24h,Maize,153,293.08697509765625
Temperature_Air_2m_Mean_24h,Maize,154,293.1105041503906
Temperature_Air_2m_Mean_24h,Maize,155,293.2754821777344
Temperature_Air_2m_Mean_24h,Maize,156,293.4637451171875
Temperature_Air_2m_Mean_24h,Maize,157,293.9275817871094
Temperature_Air_2m_Mean_24h,Maize,158,294.4144287109375
Temperature_Air_2m_Mean_24h,Maize,159,294.5570068359375
Temperature_Air_2m_Mean_24h,Maize,160,294.63153076171875
Temperature_Air_2m_Mean_24h,Maize,161,294.63525390625
Temperature_Air_2m_Mean_24h,Maize,162,294.67144775390625
Temperature_Air_2m_Mean_24h,Maize,163,294.854248046875
Temperature_Air_2m_Mean_24h,Maize,164,295.1236572265625
Temperature_Air_2m_Mean_24h,Maize,165,295.2989196777344
Temperature_Air_2m_Mean_24h,Maize,166,295.38818359375
Temperature_Air_2m_Mean_24h,Maize,167,295.4820251464844
Temperature_Air_2m_Mean_24h,Maize,168,295.6088562011719
Temperature_Air_2m_Mean_24h,Maize,169,295.707275390625
Temperature_Air_2m_Mean_24h,Maize,170,295.8031005859375
Temperature_Air_2m_Mean_24h,Maize,171,296.0833740234375
Temperature_Air_2m_Mean_24h,Maize,172,296.1051025390625
Temperature_Air_2m_Mean_24h,Maize,173,296.0992431640625
Temperature_Air_2m_Mean_24h,Maize,174,296.2100830078125
Temperature_Air_2m_Mean_24h,Maize,175,296.3439636230469
Temperature_Air_2m_Mean_24h,Maize,176,296.53643798828125
Temperature_Air_2m_Mean_24h,Maize,177,296.53125
Temperature_Air_2m_Mean_24h,Maize,178,296.4275207519531
Temperature_Air_2m_Mean_24h,Maize,179,296.41497802734375
Temperature_Air_2m_Mean_24h,Maize,180,296.5873718261719
Temperature_Air_2m_Mean_24h,Maize,181,296.47735595703125
Temperature_Air_2m_Mean_24h,Maize,182,296.3547058105469
Temperature_Air_2m_Mean_24h,Maize,183,296.5818786621094
Temperature_Air_2m_Mean_24h,Maize,184,297.0810852050781
Temperature_Air_2m_Mean_24h,Maize,185,297.2088928222656
Temperature_Air_2m_Mean_24h,Maize,186,297.3121032714844
Temperature_Air_2m_Mean_24h,Maize,187,297.3951721191406
Temperature_Air_2m_Mean_24h,Maize,188,297.5014343261719
Temperature_Air_2m_Mean_24h,Maize,189,297.6060485839844
Temperature_Air_2m_Mean_24h,Maize,190,297.7164306640625
Temperature_Air_2m_Mean_24h,Maize,191,297.5708923339844
Temperature_Air_2m_Mean_24h,Maize,192,297.4378967285156
Temperature_Air_2m_Mean_24h,Maize,193,297.4585876464844
Temperature_Air_2m_Mean_24h,Maize,194,297.4908142089844
Temperature_Air_2m_Mean_24h,Maize,195,297.6151123046875
Temperature_Air_2m_Mean_24h,Maize,196,297.66326904296875
Temperature_Air_2m_Mean_24h,Maize,197,297.9541931152344
Temperature_Air_2m_Mean_24h,Maize,198,298.097412109375
Temperature_Air_2m_Mean_24h,Maize,199,298.180419921875
Temperature_Air_2m_Mean_24h,Maize,200,298.20794677734375
Temperature_Air_2m_Mean_24h,Maize,201,298.18560791015625
Temperature_Air_2m_Mean_24h,Maize,202,297.8459167480469
Temperature_Air_2m_Mean_24h,Maize,203,297.6547546386719
Temperature_Air_2m_Mean_24h,Maize,204,297.5392761230469
Temperature_Air_2m_Mean_24h,Maize,205,297.5553894042969
Temperature_Air_2m_Mean_24h,Maize,206,297.654052734375
Temperature_Air_2m_Mean_24h,Maize,207,297.6533203125
Temperature_Air_2m_Mean_24h,Maize,208,297.5967712402344
Temperature_Air_2m_Mean_24h,Maize,209,297.4187316894531
Temperature_Air_2m_Mean_24h,Maize,210,297.2313232421875
Temperature_Air_2m_Mean_24h,Maize,211,297.3220520019531
Temperature_Air_2m_Mean_24h,Maize,212,297.39361572265625
Temperature_Air_2m_Mean_24h,Maize,213,297.4795227050781
Temperature_Air_2m_Mean_24h,Maize,214,0.0
Temperature_Air_2m_Mean_24h,Maize,215,0.0
Temperature_Air_2m_Mean_24h,Maize,216,0.0
Temperature_Air_2m_Mean_24h,Maize,217,0.0
Temperature_Air_2m_Mean_24h,Maize,218,0.0
Temperature_Air_2m_Mean_24h,Maize,219,0.0
Temperature_Air_2m_Mean_24h,Maize,220,0.0
Temperature_Air_2m_Mean_24h,Maize,221,0.0
Temperature_Air_2m_Mean_24h,Maize,222,0.0
Temperature_Air_2m_Mean_24h,Maize,223,0.0
Temperature_Air_2m_Mean_24h,Maize,224,0.0
Temperature_Air_2m_Mean_24h,Maize,225,0.0
Temperature_Air_2m_Mean_24h,Maize,226,0.0
Temperature_Air_2m_Mean_24h,Maize,227,0.0
Temperature_Air_2m_Mean_24h,Maize,228,0.0
Temperature_Air_2m_Mean_24h,Maize,229,0.0
Temperature_Air_2m_Mean_24h,Maize,230,0.0
Temperature_Air_2m_Mean_24h,Maize,231,0.0
Temperature_Air_2m_Mean_24h,Maize,232,0.0
Temperature_Air_2m_Mean_24h,Maize,233,0.0
Temperature_Air_2m_Mean_24h,Maize,234,0.0
Temperature_Air_2m_Mean_24h,Maize,235,0.0
Temperature_Air_2m_Mean_24h,Maize,236,0.0
Temperature_Air_2m_Mean_24h,Maize,237,0.0
Temperature_Air_2m_Mean_24h,Maize,238,0.0
Temperature_Air_2m_Mean_24h,Maize,239,0.0
Temperature_Air_2m_Mean_24h,Maize,240,0.0
Temperature_Air_2m_Mean_24h,Maize,241,0.0
Temperature_Air_2m_Mean_24h,Maize,242,0.0
Temperature_Air_2m_Mean_24h,Maize,243,0.0
Temperature_Air_2m_Mean_24h,Maize,244,0.0
Temperature_Air_2m_Mean_24h,Maize,245,0.0
Temperature_Air_2m_Mean_24h,Maize,246,0.0
Temperature_Air_2m_Mean_24h,Maize,247,0.0
Temperature_Air_2m_Mean_24h,Maize,248,0.0
Temperature_Air_2m_Mean_24h,Maize,249,0.0
Temperature_Air_2m_Mean_24h,Maize,250,0.0
Temperature_Air_2m_Mean_24h,Maize,251,0.0
Temperature_Air_2m_Mean_24h,Maize,252,0.0
Temperature_Air_2m_Mean_24h,Maize,253,0.0
Temperature_Air_2m_Mean_24h,Maize,254,0.0
Temperature_Air_2m_Mean_24h,Maize,255,0.0
Temperature_Air_2m_Mean_24h,Maize,256,0.0
Temperature_Air_2m_Mean_24h,Maize,257,0.0
Temperature_Air_2m_Mean_24h,Maize,258,0.0
Temperature_Air_2m_Mean_24h,Maize,259,0.0
Temperature_Air_2m_Mean_24h,Maize,260,0.0
Temperature_Air_2m_Mean_24h,Maize,261,0.0
Temperature_Air_2m_Mean_24h,Maize,262,0.0
Temperature_Air_2m_Mean_24h,Maize,263,0.0
Temperature_Air_2m_Mean_24h,Maize,264,0.0
Temperature_Air_2m_Mean_24h,Maize,265,0.0
Temperature_Air_2m_Mean_24h,Maize,266,0.0
Temperature_Air_2m_Mean_24h,Maize,267,0.0
Temperature_Air_2m_Mean_24h,Maize,268,0.0
Temperature_Air_2m_Mean_24h,Maize,269,0.0
Temperature_Air_2m_Mean_24h,Maize,270,0.0
Temperature_Air_2m_Mean_24h,Maize,271,0.0
Temperature_Air_2m_Mean_24h,Maize,272,0.0
Temperature_Air_2m_Mean_24h,Maize,273,0.0
Temperature_Air_2m_Mean_24h,Maize,274,0.0
Temperature_Air_2m_Mean_24h,Maize,275,0.0
Temperature_Air_2m_Mean_24h,Maize,276,0.0
Temperature_Air_2m_Mean_24h,Maize,277,0.0
Temperature_Air_2m_Mean_24h,Maize,278,0.0
Temperature_Air_2m_Mean_24h,Maize,279,0.0
Temperature_Air_2m_Mean_24h,Maize,280,0.0
Temperature_Air_2m_Mean_24h,Maize,281,0.0
Temperature_Air_2m_Mean_24h,Maize,282,0.0
Temperature_Air_2m_Mean_24h,Maize,283,0.0
Temperature_Air_2m_Mean_24h,Maize,284,0.0
Temperature_Air_2m_Mean_24h,Maize,285,0.0
Temperature_Air_2m_Mean_24h,Maize,286,0.0
Temperature_Air_2m_Mean_24h,Maize,287,0.0
Temperature_Air_2m_Mean_24h,Maize,288,0.0
Temperature_Air_2m_Mean_24h,Maize,289,0.0
Temperature_Air_2m_Mean_24h,Maize,290,0.0
Temperature_Air_2m_Mean_24h,Maize,291,0.0
Temperature_Air_2m_Mean_24h,Maize,292,0.0
Temperature_Air_2m_Mean_24h,Maize,293,0.0
Temperature_Air_2m_Mean_24h,Maize,294,0.0
Temperature_Air_2m_Mean_24h,Maize,295,0.0
Temperature_Air_2m_Mean_24h,Maize,296,0.0
Temperature_Air_2m_Mean_24h,Maize,297,0.0
Temperature_Air_2m_Mean_24h,Maize,298,0.0
Temperature_Air_2m_Mean_24h,Maize,299,0.0
Temperature_Air_2m_Mean_24h,Maize,300,0.0
Temperature_Air_2m_Mean_24h,Maize,301,0.0
Temperature_Air_2m_Mean_24h,Maize,302,0.0
Temperature_Air_2m_Mean_24h,Maize,303,0.0
Temperature_Air_2m_Mean_24h,Maize,304,0.0
Temperature_Air_2m_Mean_24h,Maize,305,0.0
Temperature_Air_2m_Mean_24h,Maize,306,0.0
Temperature_Air_2m_Mean_24h,Maize,307,0.0
Temperature_Air_2m_Mean_24h,Maize,308,0.0
Temperature_Air_2m_Mean_24h,Maize,309,0.0
Temperature_Air_2m_Mean_24h,Maize,310,0.0
Temperature_Air_2m_Mean_24h,Maize,311,0.0
Temperature_Air_2m_Mean_24h,Maize,312,0.0
Temperature_Air_2m_Mean_24h,Maize,313,0.0
Temperature_Air_2m_Mean_24h,Maize,314,0.0
Temperature_Air_2m_Mean_24h,Maize,315,0.0
Temperature_Air_2m_Mean_24h,Maize,316,0.0
Temperature_Air_2m_Mean_24h,Maize,317,0.0
Temperature_Air_2m_Mean_24h,Maize,318,0.0
Temperature_Air_2m_Mean_24h,Maize,319,0.0
Temperature_Air_2m_Mean_24h,Maize,320,0.0
Temperature_Air_2m_Mean_24h,Maize,321,0.0
Temperature_Air_2m_Mean_24h,Maize,322,0.0
Temperature_Air_2m_Mean_24h,Maize,323,0.0
Temperature_Air_2m_Mean_24h,Maize,324,0.0
Temperature_Air_2m_Mean_24h,Maize,325,0.0
Temperature_Air_2m_Mean_24h,Maize,326,0.0
Temperature_Air_2m_Mean_24h,Maize,327,0.0
Temperature_Air_2m_Mean_24h,Maize,328,0.0
Temperature_Air_2m_Mean_24h,Maize,329,0.0
Temperature_Air_2m_Mean_24h,Maize,330,0.0
Temperature_Air_2m_Mean_24h,Maize,331,0.0
Temperature_Air_2m_Mean_24h,Maize,332,0.0
Temperature_Air_2m_Mean_24h,Maize,333,0.0
Temperature_Air_2m_Mean_24h,Maize,334,0.0
Temperature_Air_2m_Mean_24h,Maize,335,0.0
Temperature_Air_2m_Mean_24h,Maize,336,0.0
Temperature_Air_2m_Mean_24h,Maize,337,0.0
Temperature_Air_2m_Mean_24h,Maize,338,0.0
Temperature_Air_2m_Mean_24h,Maize,339,0.0
Temperature_Air_2m_Mean_24h,Maize,340,0.0
Temperature_Air_2m_Mean_24h,Maize,341,0.0
Temperature_Air_2m_Mean_24h,Maize,342,0.0
Temperature_Air_2m_Mean_24h,Maize,343,0.0
Temperature_Air_2m_Mean_24h,Maize,344,0.0
Temperature_Air_2m_Mean_24h,Maize,345,0.0
Temperature_Air_2m_Mean_24h,Maize,346,0.0
Temperature_Air_2m_Mean_24h,Maize,347,0.0
Temperature_Air_2m_Mean_24h,Maize,348,0.0
Temperature_Air_2m_Mean_24h,Maize,349,0.0
Temperature_Air_2m_Mean_24h,Maize,350,0.0
Temperature_Air_2m_Mean_24h,Maize,351,0.0
Temperature_Air_2m_Mean_24h,Maize,352,0.0
Temperature_Air_2m_Mean_24h,Maize,353,0.0
Temperature_Air_2m_Mean_24h,Maize,354,0.0
Temperature_Air_2m_Mean_24h,Maize,355,0.0
Temperature_Air_2m_Mean_24h,Maize,356,0.0
Temperature_Air_2m_Mean_24h,Maize,357,0.0
Temperature_Air_2m_Mean_24h,Maize,358,0.0
Temperature_Air_2m_Mean_24h,Maize,359,0.0
Temperature_Air_2m_Mean_24h,Maize,360,0.0
Temperature_Air_2m_Mean_24h,Maize,361,0.0
Temperature_Air_2m_Mean_24h,Maize,362,0.0
Temperature_Air_2m_Mean_24h,Maize,363,0.0
Temperature_Air_2m_Mean_24h,Maize,364,0.0
Temperature_Air_2m_Mean_24h,Maize,365,0.0
Temperature_Air_2m_Mean_24h,Rice,1,0.0
Temperature_Air_2m_Mean_24h,Rice,2,0.0
Temperature_Air_2m_Mean_24h,Rice,3,0.0
Temperature_Air_2m_Mean_24h,Rice,4,0.0
Temperature_Air_2m_Mean_24h,Rice,5,0.0
Temperature_Air_2m_Mean_24h,Rice,6,0.0
Temperature_Air_2m_Mean_24h,Rice,7,0.0
Temperature_Air_2m_Mean_24h,Rice,8,0.0
Temperature_Air_2m_Mean_24h,Rice,9,0.0
Temperature_Air_2m_Mean_24h,Rice,10,0.0
Temperature_Air_2m_Mean_24h,Rice,11,0.0
Temperature_Air_2m_Mean_24h,Rice,12,0.0
Temperature_Air_2m_Mean_24h,Rice,13,0.0
Temperature_Air_2m_Mean_24h,Rice,14,0.0
Temperature_Air_2m_Mean_24h,Rice,15,0.0
Temperature_Air_2m_Mean_24h,Rice,16,0.0
Temperature_Air_2m_Mean_24h,Rice,17,0.0
Temperature_Air_2m_Mean_24h,Rice,18,0.0
Temperature_Air_2m_Mean_24h,Rice,19,0.0
Temperature_Air_2m_Mean_24h,Rice,20,0.0
Temperature_Air_2m_Mean_24h,Rice,21,0.0
Temperature_Air_2m_Mean_24h,Rice,22,0.0
Temperature_Air_2m_Mean_24h,Rice,23,0.0
Temperature_Air_2m_Mean_24h,Rice,24,0.0
Temperature_Air_2m_Mean_24h,Rice,25,0.0
Temperature_Air_2m_Mean_24h,Rice,26,0.0
Temperature_Air_2m_Mean_24h,Rice,27,0.0
Temperature_Air_2m_Mean_24h,Rice,28,0.0
Temperature_Air_2m_Mean_24h,Rice,29,0.0
Temperature_Air_2m_Mean_24h,Rice,30,0.0
Temperature_Air_2m_Mean_24h,Rice,31,0.0
Temperature_Air_2m_Mean_24h,Rice,32,0.0
Temperature_Air_2m_Mean_24h,Rice,33,0.0
Temperature_Air_2m_Mean_24h,Rice,34,0.0
Temperature_Air_2m_Mean_24h,Rice,35,0.0
Temperature_Air_2m_Mean_24h,Rice,36,0.0
Temperature_Air_2m_Mean_24h,Rice,37,0.0
Temperature_Air_2m_Mean_24h,Rice,38,0.0
Temperature_Air_2m_Mean_24h,Rice,39,0.0
Temperature_Air_2m_Mean_24h,Rice,40,0.0
Temperature_Air_2m_Mean_24h,Rice,41,0.0
Temperature_Air_2m_Mean_24h,Rice,42,0.0
Temperature_Air_2m_Mean_24h,Rice,43,0.0
Temperature_Air_2m_Mean_24h,Rice,44,0.0
Temperature_Air_2m_Mean_24h,Rice,45,0.0
Temperature_Air_2m_Mean_24h,Rice,46,0.0
Temperature_Air_2m_Mean_24h,Rice,47,0.0
Temperature_Air_2m_Mean_24h,Rice,48,0.0
Temperature_Air_2m_Mean_24h,Rice,49,0.0
Temperature_Air_2m_Mean_24h,Rice,50,0.0
Temperature_Air_2m_Mean_24h,Rice,51,0.0
Temperature_Air_2m_Mean_24h,Rice,52,0.0
Temperature_Air_2m_Mean_24h,Rice,53,0.0
Temperature_Air_2m_Mean_24h,Rice,54,0.0
Temperature_Air_2m_Mean_24h,Rice,55,0.0
Temperature_Air_2m_Mean_24h,Rice,56,0.0
Temperature_Air_2m_Mean_24h,Rice,57,0.0
Temperature_Air_2m_Mean_24h,Rice,58,0.0
Temperature_Air_2m_Mean_24h,Rice,59,0.0
Temperature_Air_2m_Mean_24h,Rice,60,0.0
Temperature_Air_2m_Mean_24h,Rice,61,0.0
Temperature_Air_2m_Mean_24h,Rice,62,0.0
Temperature_Air_2m_Mean_24h,Rice,63,0.0
Temperature_Air_2m_Mean_24h,Rice,64,0.0
Temperature_Air_2m_Mean_24h,Rice,65,0.0
Temperature_Air_2m_Mean_24h,Rice,66,0.0
Temperature_Air_2m_Mean_24h,Rice,67,0.0
Temperature_Air_2m_Mean_24h,Rice,68,0.0
Temperature_Air_2m_Mean_24h,Rice,69,0.0
Temperature_Air_2m_Mean_24h,Rice,70,0.0
Temperature_Air_2m_Mean_24h,Rice,71,0.0
Temperature_Air_2m_Mean_24h,Rice,72,0.0
Temperature_Air_2m_Mean_24h,Rice,73,0.0
Temperature_Air_2m_Mean_24h,Rice,74,0.0
Temperature_Air_2m_Mean_24h,Rice,75,0.0
Temperature_Air_2m_Mean_24h,Rice,76,0.0
Temperature_Air_2m_Mean_24h,Rice,77,0.0
Temperature_Air_2m_Mean_24h,Rice,78,0.0
Temperature_Air_2m_Mean_24h,Rice,79,0.0
Temperature_Air_2m_Mean_24h,Rice,80,0.0
Temperature_Air_2m_Mean_24h,Rice,81,0.0
Temperature_Air_2m_Mean_24h,Rice,82,0.0
Temperature_Air_2m_Mean_24h,Rice,83,0.0
Temperature_Air_2m_Mean_24h,Rice,84,0.0
Temperature_Air_2m_Mean_24h,Rice,85,0.0
Temperature_Air_2m_Mean_24h,Rice,86,0.0
Temperature_Air_2m_Mean_24h,Rice,87,0.0
Temperature_Air_2m_Mean_24h,Rice,88,0.0
Temperature_Air_2m_Mean_24h,Rice,89,0.0
Temperature_Air_2m_Mean_24h,Rice,90,0.0
Temperature_Air_2m_Mean_24h,Rice,91,288.39501953125
Temperature_Air_2m_Mean_24h,Rice,92,288.7421875
Temperature_Air_2m_Mean_24h,Rice,93,289.1195983886719
Temperature_Air_2m_Mean_24h,Rice,94,288.9696350097656
Temperature_Air_2m_Mean_24h,Rice,95,288.435546875
Temperature_Air_2m_Mean_24h,Rice,96,287.9814758300781
Temperature_Air_2m_Mean_24h,Rice,97,288.4766540527344
Temperature_Air_2m_Mean_24h,Rice,98,289.1002502441406
Temperature_Air_2m_Mean_24h,Rice,99,289.1222229003906
Temperature_Air_2m_Mean_24h,Rice,100,289.6123962402344
Temperature_Air_2m_Mean_24h,Rice,101,289.75347900390625
Temperature_Air_2m_Mean_24h,Rice,102,290.06524658203125
Temperature_Air_2m_Mean_24h,Rice,103,290.1934509277344
Temperature_Air_2m_Mean_24h,Rice,104,289.341064453125
Temperature_Air_2m_Mean_24h,Rice,105,289.3775329589844
Temperature_Air_2m_Mean_24h,Rice,106,289.8581237792969
Temperature_Air_2m_Mean_24h,Rice,107,290.233154296875
Temperature_Air_2m_Mean_24h,Rice,108,290.6142578125
Temperature_Air_2m_Mean_24h,Rice,109,291.0157470703125
Temperature_Air_2m_Mean_24h,Rice,110,291.1199645996094
Temperature_Air_2m_Mean_24h,Rice,111,291.24005126953125
Temperature_Air_2m_Mean_24h,Rice,112,291.3299865722656
Temperature_Air_2m_Mean_24h,Rice,113,291.29669189453125
Temperature_Air_2m_Mean_24h,Rice,114,291.44970703125
Temperature_Air_2m_Mean_24h,Rice,115,291.7744445800781
Temperature_Air_2m_Mean_24h,Rice,116,291.84063720703125
Temperature_Air_2m_Mean_24h,Rice,117,292.0469970703125
Temperature_Air_2m_Mean_24h,Rice,118,292.2236328125
Temperature_Air_2m_Mean_24h,Rice,119,292.72686767578125
Temperature_Air_2m_Mean_24h,Rice,120,292.5248718261719
Temperature_Air_2m_Mean_24h,Rice,121,292.3757629394531
Temperature_Air_2m_Mean_24h,Rice,122,292.2831115722656
Temperature_Air_2m_Mean_24h,Rice,123,292.2591552734375
Temperature_Air_2m_Mean_24h,Rice,124,292.6273193359375
Temperature_Air_2m_Mean_24h,Rice,125,293.14959716796875
Temperature_Air_2m_Mean_24h,Rice,126,293.51263427734375
Temperature_Air_2m_Mean_24h,Rice,127,293.7989807128906
Temperature_Air_2m_Mean_24h,Rice,128,293.9511413574219
Temperature_Air_2m_Mean_24h,Rice,129,293.9380187988281
Temperature_Air_2m_Mean_24h,Rice,130,293.56134033203125
Temperature_Air_2m_Mean_24h,Rice,131,294.03729248046875
Temperature_Air_2m_Mean_24h,Rice,132,294.37603759765625
Temperature_Air_2m_Mean_24h,Rice,133,294.50665283203125
Temperature_Air_2m_Mean_24h,Rice,134,294.7011413574219
Temperature_Air_2m_Mean_24h,Rice,135,294.5531921386719
Temperature_Air_2m_Mean_24h,Rice,136,294.6151123046875
Temperature_Air_2m_Mean_24h,Rice,137,294.5675048828125
Temperature_Air_2m_Mean_24h,Rice,138,294.6393127441406
Temperature_Air_2m_Mean_24h,Rice,139,294.95947265625
Temperature_Air_2m_Mean_24h,Rice,140,295.0701904296875
Temperature_Air_2m_Mean_24h,Rice,141,295.0299072265625
Temperature_Air_2m_Mean_24h,Rice,142,295.2774658203125
Temperature_Air_2m_Mean_24h,Rice,143,295.8011779785156
Temperature_Air_2m_Mean_24h,Rice,144,295.9561462402344
Temperature_Air_2m_Mean_24h,Rice,145,296.1654968261719
Temperature_Air_2m_Mean_24h,Rice,146,296.2900085449219
Temperature_Air_2m_Mean_24h,Rice,147,296.3395690917969
Temperature_Air_2m_Mean_24h,Rice,148,296.4347839355469
Temperature_Air_2m_Mean_24h,Rice,149,296.4124755859375
Temperature_Air_2m_Mean_24h,Rice,150,296.49713134765625
Temperature_Air_2m_Mean_24h,Rice,151,296.62823486328125
Temperature_Air_2m_Mean_24h,Rice,152,296.86859130859375
Temperature_Air_2m_Mean_24h,Rice,153,297.27880859375
Temperature_Air_2m_Mean_24h,Rice,154,297.46893310546875
Temperature_Air_2m_Mean_24h,Rice,155,297.4874267578125
Temperature_Air_2m_Mean_24h,Rice,156,297.1964416503906
Temperature_Air_2m_Mean_24h,Rice,157,297.38037109375
Temperature_Air_2m_Mean_24h,Rice,158,297.72259521484375
Temperature_Air_2m_Mean_24h,Rice,159,298.0572509765625
Temperature_Air_2m_Mean_24h,Rice,160,298.2102355957031
Temperature_Air_2m_Mean_24h,Rice,161,298.0731506347656
Temperature_Air_2m_Mean_24h,Rice,162,297.9193420410156
Temperature_Air_2m_Mean_24h,Rice,163,298.193359375
Temperature_Air_2m_Mean_24h,Rice,164,298.4445495605469
Temperature_Air_2m_Mean_24h,Rice,165,298.6709899902344
Temperature_Air_2m_Mean_24h,Rice,166,298.7237548828125
Temperature_Air_2m_Mean_24h,Rice,167,298.7492370605469
Temperature_Air_2m_Mean_24h,Rice,168,298.869873046875
Temperature_Air_2m_Mean_24h,Rice,169,298.9156494140625
Temperature_Air_2m_Mean_24h,Rice,170,299.087646484375
Temperature_Air_2m_Mean_24h,Rice,171,299.3152770996094
Temperature_Air_2m_Mean_24h,Rice,172,299.27093505859375
Temperature_Air_2m_Mean_24h,Rice,173,299.3581237792969
Temperature_Air_2m_Mean_24h,Rice,174,299.2978820800781
Temperature_Air_2m_Mean_24h,Rice,175,299.38580322265625
Temperature_Air_2m_Mean_24h,Rice,176,299.4866027832031
Temperature_Air_2m_Mean_24h,Rice,177,299.3963623046875
Temperature_Air_2m_Mean_24h,Rice,178,299.2757568359375
Temperature_Air_2m_Mean_24h,Rice,179,299.33135986328125
Temperature_Air_2m_Mean_24h,Rice,180,299.5771789550781
Temperature_Air_2m_Mean_24h,Rice,181,299.6056823730469
Temperature_Air_2m_Mean_24h,Rice,182,299.6705627441406
Temperature_Air_2m_Mean_24h,Rice,183,299.8691711425781
Temperature_Air_2m_Mean_24h,Rice,184,300.0274658203125
Temperature_Air_2m_Mean_24h,Rice,185,300.1011047363281
Temperature_Air_2m_Mean_24h,Rice,186,299.8164367675781
Temperature_Air_2m_Mean_24h,Rice,187,299.87603759765625
Temperature_Air_2m_Mean_24h,Rice,188,300.1687316894531
Temperature_Air_2m_Mean_24h,Rice,189,300.46209716796875
Temperature_Air_2m_Mean_24h,Rice,190,300.5406799316406
Temperature_Air_2m_Mean_24h,Rice,191,300.4949035644531
Temperature_Air_2m_Mean_24h,Rice,192,300.5198974609375
Temperature_Air_2m_Mean_24h,Rice,193,300.56268310546875
Temperature_Air_2m_Mean_24h,Rice,194,300.3948974609375
Temperature_Air_2m_Mean_24h,Rice,195,300.2243957519531
Temperature_Air_2m_Mean_24h,Rice,196,300.2104797363281
Temperature_Air_2m_Mean_24h,Rice,197,300.291015625
Temperature_Air_2m_Mean_24h,Rice,198,300.3430480957031
Temperature_Air_2m_Mean_24h,Rice,199,300.4696960449219
Temperature_Air_2m_Mean_24h,Rice,200,300.6990051269531
Temperature_Air_2m_Mean_24h,Rice,201,300.7999572753906
Temperature_Air_2m_Mean_24h,Rice,202,300.67236328125
Temperature_Air_2m_Mean_24h,Rice,203,300.4805603027344
Temperature_Air_2m_Mean_24h,Rice,204,300.3963928222656
Temperature_Air_2m_Mean_24h,Rice,205,300.4387512207031
Temperature_Air_2m_Mean_24h,Rice,206,300.5178527832031
Temperature_Air_2m_Mean_24h,Rice,207,300.5501403808594
Temperature_Air_2m_Mean_24h,Rice,208,300.68524169921875
Temperature_Air_2m_Mean_24h,Rice,209,300.4154968261719
Temperature_Air_2m_Mean_24h,Rice,210,300.35955810546875
Temperature_Air_2m_Mean_24h,Rice,211,300.4600524902344
Temperature_Air_2m_Mean_24h,Rice,212,300.55108642578125
Temperature_Air_2m_Mean_24h,Rice,213,300.1678161621094
Temperature_Air_2m_Mean_24h,Rice,214,0.0
Temperature_Air_2m_Mean_24h,Rice,215,0.0
Temperature_Air_2m_Mean_24h,Rice,216,0.0
Temperature_Air_2m_Mean_24h,Rice,217,0.0
Temperature_Air_2m_Mean_24h,Rice,218,0.0
Temperature_Air_2m_Mean_24h,Rice,219,0.0
Temperature_Air_2m_Mean_24h,Rice,220,0.0
Temperature_Air_2m_Mean_24h,Rice,221,0.0
Temperature_Air_2m_Mean_24h,Rice,222,0.0
Temperature_Air_2m_Mean_24h,Rice,223,0.0
Temperature_Air_2m_Mean_24h,Rice,224,0.0
Temperature_Air_2m_Mean_24h,Rice,225,0.0
Temperature_Air_2m_Mean_24h,Rice,226,0.0
Temperature_Air_2m_Mean_24h,Rice,227,0.0
Temperature_Air_2m_Mean_24h,Rice,228,0.0
Temperature_Air_2m_Mean_24h,Rice,229,0.0
Temperature_Air_2m_Mean_24h,Rice,230,0.0
Temperature_Air_2m_Mean_24h,Rice,231,0.0
Temperature_Air_2m_Mean_24h,Rice,232,0.0
Temperature_Air_2m_Mean_24h,Rice,233,0.0
Temperature_Air_2m_Mean_24h,Rice,234,0.0
Temperature_Air_2m_Mean_24h,Rice,235,0.0
Temperature_Air_2m_Mean_24h,Rice,236,0.0
Temperature_Air_2m_Mean_24h,Rice,237,0.0
Temperature_Air_2m_Mean_24h,Rice,238,0.0
Temperature_Air_2m_Mean_24h,Rice,239,0.0
Temperature_Air_2m_Mean_24h,Rice,240,0.0
Temperature_Air_2m_Mean_24h,Rice,241,0.0
Temperature_Air_2m_Mean_24h,Rice,242,0.0
Temperature_Air_2m_Mean_24h,Rice,243,0.0
Temperature_Air_2m_Mean_24h,Rice,244,0.0
Temperature_Air_2m_Mean_24h,Rice,245,0.0
Temperature_Air_2m_Mean_24h,Rice,246,0.0
Temperature_Air_2m_Mean_24h,Rice,247,0.0
Temperature_Air_2m_Mean_24h,Rice,248,0.0
Temperature_Air_2m_Mean_24h,Rice,249,0.0
Temperature_Air_2m_Mean_24h,Rice,250,0.0
Temperature_Air_2m_Mean_24h,Rice,251,0.0
Temperature_Air_2m_Mean_24h,Rice,252,0.0
Temperature_Air_2m_Mean_24h,Rice,253,0.0
Temperature_Air_2m_Mean_24h,Rice,254,0.0
Temperature_Air_2m_Mean_24h,Rice,255,0.0
Temperature_Air_2m_Mean_24h,Rice,256,0.0
Temperature_Air_2m_Mean_24h,Rice,257,0.0
Temperature_Air_2m_Mean_24h,Rice,258,0.0
Temperature_Air_2m_Mean_24h,Rice,259,0.0
Temperature_Air_2m_Mean_24h,Rice,260,0.0
Temperature_Air_2m_Mean_24h,Rice,261,0.0
Temperature_Air_2m_Mean_24h,Rice,262,0.0
Temperature_Air_2m_Mean_24h,Rice,263,0.0
Temperature_Air_2m_Mean_24h,Rice,264,0.0
Temperature_Air_2m_Mean_24h,Rice,265,0.0
Temperature_Air_2m_Mean_24h,Rice,266,0.0
Temperature_Air_2m_Mean_24h,Rice,267,0.0
Temperature_Air_2m_Mean_24h,Rice,268,0.0
Temperature_Air_2m_Mean_24h,Rice,269,0.0
Temperature_Air_2m_Mean_24h,Rice,270,0.0
Temperature_Air_2m_Mean_24h,Rice,271,0.0
Temperature_Air_2m_Mean_24h,Rice,272,0.0
Temperature_Air_2m_Mean_24h,Rice,273,0.0
Temperature_Air_2m_Mean_24h,Rice,274,0.0
Temperature_Air_2m_Mean_24h,Rice,275,0.0
Temperature_Air_2m_Mean_24h,Rice,276,0.0
Temperature_Air_2m_Mean_24h,Rice,277,0.0
Temperature_Air_2m_Mean_24h,Rice,278,0.0
Temperature_Air_2m_Mean_24h,Rice,279,0.0
Temperature_Air_2m_Mean_24h,Rice,280,0.0
Temperature_Air_2m_Mean_24h,Rice,281,0.0
Temperature_Air_2m_Mean_24h,Rice,282,0.0
Temperature_Air_2m_Mean_24h,Rice,283,0.0
Temperature_Air_2m_Mean_24h,Rice,284,0.0
Temperature_Air_2m_Mean_24h,Rice,285,0.0
Temperature_Air_2m_Mean_24h,Rice,286,0.0
Temperature_Air_2m_Mean_24h,Rice,287,0.0
Temperature_Air_2m_Mean_24h,Rice,288,0.0
Temperature_Air_2m_Mean_24h,Rice,289,0.0
Temperature_Air_2m_Mean_24h,Rice,290,0.0
Temperature_Air_2m_Mean_24h,Rice,291,0.0
Temperature_Air_2m_Mean_24h,Rice,292,0.0
Temperature_Air_2m_Mean_24h,Rice,293,0.0
Temperature_Air_2m_Mean_24h,Rice,294,0.0
Temperature_Air_2m_Mean_24h,Rice,295,0.0
Temperature_Air_2m_Mean_24h,Rice,296,0.0
Temperature_Air_2m_Mean_24h,Rice,297,0.0
Temperature_Air_2m_Mean_24h,Rice,298,0.0
Temperature_Air_2m_Mean_24h,Rice,299,0.0
Temperature_Air_2m_Mean_24h,Rice,300,0.0
Temperature_Air_2m_Mean_24h,Rice,301,0.0
Temperature_Air_2m_Mean_24h,Rice,302,0.0
Temperature_Air_2m_Mean_24h,Rice,303,0.0
Temperature_Air_2m_Mean_24h,Rice,304,0.0
Temperature_Air_2m_Mean_24h,Rice,305,0.0
Temperature_Air_2m_Mean_24h,Rice,306,0.0
Temperature_Air_2m_Mean_24h,Rice,307,0.0
Temperature_Air_2m_Mean_24h,Rice,308,0.0
Temperature_Air_2m_Mean_24h,Rice,309,0.0
Temperature_Air_2m_Mean_24h,Rice,310,0.0
Temperature_Air_2m_Mean_24h,Rice,311,0.0
Temperature_Air_2m_Mean_24h,Rice,312,0.0
Temperature_Air_2m_Mean_24h,Rice,313,0.0
Temperature_Air_2m_Mean_24h,Rice,314,0.0
Temperature_Air_2m_Mean_24h,Rice,315,0.0
Temperature_Air_2m_Mean_24h,Rice,316,0.0
Temperature_Air_2m_Mean_24h,Rice,317,0.0
Temperature_Air_2m_Mean_24h,Rice,318,0.0
Temperature_Air_2m_Mean_24h,Rice,319,0.0
Temperature_Air_2m_Mean_24h,Rice,320,0.0
Temperature_Air_2m_Mean_24h,Rice,321,0.0
Temperature_Air_2m_Mean_24h,Rice,322,0.0
Temperature_Air_2m_Mean_24h,Rice,323,0.0
Temperature_Air_2m_Mean_24h,Rice,324,0.0
Temperature_Air_2m_Mean_24h,Rice,325,0.0
Temperature_Air_2m_Mean_24h,Rice,326,0.0
Temperature_Air_2m_Mean_24h,Rice,327,0.0
Temperature_Air_2m_Mean_24h,Rice,328,0.0
Temperature_Air_2m_Mean_24h,Rice,329,0.0
Temperature_Air_2m_Mean_24h,Rice,330,0.0
Temperature_Air_2m_Mean_24h,Rice,331,0.0
Temperature_Air_2m_Mean_24h,Rice,332,0.0
Temperature_Air_2m_Mean_24h,Rice,333,0.0
Temperature_Air_2m_Mean_24h,Rice,334,0.0
Temperature_Air_2m_Mean_24h,Rice,335,0.0
Temperature_Air_2m_Mean_24h,Rice,336,0.0
Temperature_Air_2m_Mean_24h,Rice,337,0.0
Temperature_Air_2m_Mean_24h,Rice,338,0.0
Temperature_Air_2m_Mean_24h,Rice,339,0.0
Temperature_Air_2m_Mean_24h,Rice,340,0.0
Temperature_Air_2m_Mean_24h,Rice,341,0.0
Temperature_Air_2m_Mean_24h,Rice,342,0.0
Temperature_Air_2m_Mean_24h,Rice,343,0.0
Temperature_Air_2m_Mean_24h,Rice,344,0.0
Temperature_Air_2m_Mean_24h,Rice,345,0.0
Temperature_Air_2m_Mean_24h,Rice,346,0.0
Temperature_Air_2m_Mean_24h,Rice,347,0.0
Temperature_Air_2m_Mean_24h,Rice,348,0.0
Temperature_Air_2m_Mean_24h,Rice,349,0.0
Temperature_Air_2m_Mean_24h,Rice,350,0.0
Temperature_Air_2m_Mean_24h,Rice,351,0.0
Temperature_Air_2m_Mean_24h,Rice,352,0.0
Temperature_Air_2m_Mean_24h,Rice,353,0.0
Temperature_Air_2m_Mean_24h,Rice,354,0.0
Temperature_Air_2m_Mean_24h,Rice,355,0.0
Temperature_Air_2m_Mean_24h,Rice,356,0.0
Temperature_Air_2m_Mean_24h,Rice,357,0.0
Temperature_Air_2m_Mean_24h,Rice,358,0.0
Temperature_Air_2m_Mean_24h,Rice,359,0.0
Temperature_Air_2m_Mean_24h,Rice,360,0.0
Temperature_Air_2m_Mean_24h,Rice,361,0.0
Temperature_Air_2m_Mean_24h,Rice,362,0.0
Temperature_Air_2m_Mean_24h,Rice,363,0.0
Temperature_Air_2m_Mean_24h,Rice,364,0.0
Temperature_Air_2m_Mean_24h,Rice,365,0.0
Temperature_Air_2m_Mean_24h,Soybean,1,0.0
Temperature_Air_2m_Mean_24h,Soybean,2,0.0
Temperature_Air_2m_Mean_24h,Soybean,3,0.0
Temperature_Air_2m_Mean_24h,Soybean,4,0.0
Temperature_Air_2m_Mean_24h,Soybean,5,0.0
Temperature_Air_2m_Mean_24h,Soybean,6,0.0
Temperature_Air_2m_Mean_24h,Soybean,7,0.0
Temperature_Air_2m_Mean_24h,Soybean,8,0.0
Temperature_Air_2m_Mean_24h,Soybean,9,0.0
Temperature_Air_2m_Mean_24h,Soybean,10,0.0
Temperature_Air_2m_Mean_24h,Soybean,11,0.0
Temperature_Air_2m_Mean_24h,Soybean,12,0.0
Temperature_Air_2m_Mean_24h,Soybean,13,0.0
Temperature_Air_2m_Mean_24h,Soybean,14,0.0
Temperature_Air_2m_Mean_24h,Soybean,15,0.0
Temperature_Air_2m_Mean_24h,Soybean,16,0.0
Temperature_Air_2m_Mean_24h,Soybean,17,0.0
Temperature_Air_2m_Mean_24h,Soybean,18,0.0
Temperature_Air_2m_Mean_24h,Soybean,19,0.0
Temperature_Air_2m_Mean_24h,Soybean,20,0.0
Temperature_Air_2m_Mean_24h,Soybean,21,0.0
Temperature_Air_2m_Mean_24h,Soybean,22,0.0
Temperature_Air_2m_Mean_24h,Soybean,23,0.0
Temperature_Air_2m_Mean_24h,Soybean,24,0.0
Temperature_Air_2m_Mean_24h,Soybean,25,0.0
Temperature_Air_2m_Mean_24h,Soybean,26,0.0
Temperature_Air_2m_Mean_24h,Soybean,27,0.0
Temperature_Air_2m_Mean_24h,Soybean,28,0.0
Temperature_Air_2m_Mean_24h,Soybean,29,0.0
Temperature_Air_2m_Mean_24h,Soybean,30,0.0
Temperature_Air_2m_Mean_24h,Soybean,31,0.0
Temperature_Air_2m_Mean_24h,Soybean,32,0.0
Temperature_Air_2m_Mean_24h,Soybean,33,0.0
Temperature_Air_2m_Mean_24h,Soybean,34,0.0
Temperature_Air_2m_Mean_24h,Soybean,35,0.0
Temperature_Air_2m_Mean_24h,Soybean,36,0.0
Temperature_Air_2m_Mean_24h,Soybean,37,0.0
Temperature_Air_2m_Mean_24h,Soybean,38,0.0
Temperature_Air_2m_Mean_24h,Soybean,39,0.0
Temperature_Air_2m_Mean_24h,Soybean,40,0.0
Temperature_Air_2m_Mean_24h,Soybean,41,0.0
Temperature_Air_2m_Mean_24h,Soybean,42,0.0
Temperature_Air_2m_Mean_24h,Soybean,43,0.0
Temperature_Air_2m_Mean_24h,Soybean,44,0.0
Temperature_Air_2m_Mean_24h,Soybean,45,0.0
Temperature_Air_2m_Mean_24h,Soybean,46,0.0
Temperature_Air_2m_Mean_24h,Soybean,47,0.0
Temperature_Air_2m_Mean_24h,Soybean,48,0.0
Temperature_Air_2m_Mean_24h,Soybean,49,0.0
Temperature_Air_2m_Mean_24h,Soybean,50,0.0
Temperature_Air_2m_Mean_24h,Soybean,51,0.0
Temperature_Air_2m_Mean_24h,Soybean,52,0.0
Temperature_Air_2m_Mean_24h,Soybean,53,0.0
Temperature_Air_2m_Mean_24h,Soybean,54,0.0
Temperature_Air_2m_Mean_24h,Soybean,55,0.0
Temperature_Air_2m_Mean_24h,Soybean,56,0.0
Temperature_Air_2m_Mean_24h,Soybean,57,0.0
Temperature_Air_2m_Mean_24h,Soybean,58,0.0
Temperature_Air_2m_Mean_24h,Soybean,59,0.0
Temperature_Air_2m_Mean_24h,Soybean,60,0.0
Temperature_Air_2m_Mean_24h,Soybean,61,0.0
Temperature_Air_2m_Mean_24h,Soybean,62,0.0
Temperature_Air_2m_Mean_24h,Soybean,63,0.0
Temperature_Air_2m_Mean_24h,Soybean,64,0.0
Temperature_Air_2m_Mean_24h,Soybean,65,0.0
Temperature_Air_2m_Mean_24h,Soybean,66,0.0
Temperature_Air_2m_Mean_24h,Soybean,67,0.0
Temperature_Air_2m_Mean_24h,Soybean,68,0.0
Temperature_Air_2m_Mean_24h,Soybean,69,0.0
Temperature_Air_2m_Mean_24h,Soybean,70,0.0
Temperature_Air_2m_Mean_24h,Soybean,71,0.0
Temperature_Air_2m_Mean_24h,Soybean,72,0.0
Temperature_Air_2m_Mean_24h,Soybean,73,0.0
Temperature_Air_2m_Mean_24h,Soybean,74,0.0
Temperature_Air_2m_Mean_24h,Soybean,75,0.0
Temperature_Air_2m_Mean_24h,Soybean,76,0.0
Temperature_Air_2m_Mean_24h,Soybean,77,0.0
Temperature_Air_2m_Mean_24h,Soybean,78,0.0
Temperature_Air_2m_Mean_24h,Soybean,79,0.0
Temperature_Air_2m_Mean_24h,Soybean,80,0.0
Temperature_Air_2m_Mean_24h,Soybean,81,0.0
Temperature_Air_2m_Mean_24h,Soybean,82,0.0
Temperature_Air_2m_Mean_24h,Soybean,83,0.0
Temperature_Air_2m_Mean_24h,Soybean,84,0.0
Temperature_Air_2m_Mean_24h,Soybean,85,0.0
Temperature_Air_2m_Mean_24h,Soybean,86,0.0
Temperature_Air_2m_Mean_24h,Soybean,87,0.0
Temperature_Air_2m_Mean_24h,Soybean,88,0.0
Temperature_Air_2m_Mean_24h,Soybean,89,0.0
Temperature_Air_2m_Mean_24h,Soybean,90,0.0
Temperature_Air_2m_Mean_24h,Soybean,91,0.0
Temperature_Air_2m_Mean_24h,Soybean,92,0.0
Temperature_Air_2m_Mean_24h,Soybean,93,0.0
Temperature_Air_2m_Mean_24h,Soybean,94,0.0
Temperature_Air_2m_Mean_24h,Soybean,95,0.0
Temperature_Air_2m_Mean_24h,Soybean,96,0.0
Temperature_Air_2m_Mean_24h,Soybean,97,0.0
Temperature_Air_2m_Mean_24h,Soybean,98,0.0
Temperature_Air_2m_Mean_24h,Soybean,99,0.0
Temperature_Air_2m_Mean_24h,Soybean,100,0.0
Temperature_Air_2m_Mean_24h,Soybean,101,0.0
Temperature_Air_2m_Mean_24h,Soybean,102,0.0
Temperature_Air_2m_Mean_24h,Soybean,103,0.0
Temperature_Air_2m_Mean_24h,Soybean,104,0.0
Temperature_Air_2m_Mean_24h,Soybean,105,0.0
Temperature_Air_2m_Mean_24h,Soybean,106,0.0
Temperature_Air_2m_Mean_24h,Soybean,107,0.0
Temperature_Air_2m_Mean_24h,Soybean,108,0.0
Temperature_Air_2m_Mean_24h,Soybean,109,0.0
Temperature_Air_2m_Mean_24h,Soybean,110,0.0
Temperature_Air_2m_Mean_24h,Soybean,111,0.0
Temperature_Air_2m_Mean_24h,Soybean,112,0.0
Temperature_Air_2m_Mean_24h,Soybean,113,0.0
Temperature_Air_2m_Mean_24h,Soybean,114,0.0
Temperature_Air_2m_Mean_24h,Soybean,115,0.0
Temperature_Air_2m_Mean_24h,Soybean,116,0.0
Temperature_Air_2m_Mean_24h,Soybean,117,0.0
Temperature_Air_2m_Mean_24h,Soybean,118,0.0
Temperature_Air_2m_Mean_24h,Soybean,119,0.0
Temperature_Air_2m_Mean_24h,Soybean,120,0.0
Temperature_Air_2m_Mean_24h,Soybean,121,287.60333251953125
Temperature_Air_2m_Mean_24h,Soybean,122,287.76605224609375
Temperature_Air_2m_Mean_24h,Soybean,123,288.0081481933594
Temperature_Air_2m_Mean_24h,Soybean,124,288.40472412109375
Temperature_Air_2m_Mean_24h,Soybean,125,288.7484130859375
Temperature_Air_2m_Mean_24h,Soybean,126,289.03533935546875
Temperature_Air_2m_Mean_24h,Soybean,127,289.47998046875
Temperature_Air_2m_Mean_24h,Soybean,128,289.6527099609375
Temperature_Air_2m_Mean_24h,Soybean,129,289.6410827636719
Temperature_Air_2m_Mean_24h,Soybean,130,289.78057861328125
Temperature_Air_2m_Mean_24h,Soybean,131,289.8697204589844
Temperature_Air_2m_Mean_24h,Soybean,132,289.72991943359375
Temperature_Air_2m_Mean_24h,Soybean,133,289.97296142578125
Temperature_Air_2m_Mean_24h,Soybean,134,290.1817932128906
Temperature_Air_2m_Mean_24h,Soybean,135,290.2660827636719
Temperature_Air_2m_Mean_24h,Soybean,136,290.54925537109375
Temperature_Air_2m_Mean_24h,Soybean,137,290.6419372558594
Temperature_Air_2m_Mean_24h,Soybean,138,290.8092346191406
Temperature_Air_2m_Mean_24h,Soybean,139,291.0500793457031
Temperature_Air_2m_Mean_24h,Soybean,140,291.1131896972656
Temperature_Air_2m_Mean_24h,Soybean,141,291.21282958984375
Temperature_Air_2m_Mean_24h,Soybean,142,291.6291198730469
Temperature_Air_2m_Mean_24h,Soybean,143,292.0540466308594
Temperature_Air_2m_Mean_24h,Soybean,144,292.1304626464844
Temperature_Air_2m_Mean_24h,Soybean,145,292.1521301269531
Temperature_Air_2m_Mean_24h,Soybean,146,292.2389221191406
Temperature_Air_2m_Mean_24h,Soybean,147,292.5688781738281
Temperature_Air_2m_Mean_24h,Soybean,148,292.9994201660156
Temperature_Air_2m_Mean_24h,Soybean,149,293.3327331542969
Temperature_Air_2m_Mean_24h,Soybean,150,293.4784851074219
Temperature_Air_2m_Mean_24h,Soybean,151,293.4202880859375
Temperature_Air_2m_Mean_24h,Soybean,152,293.4834899902344
Temperature_Air_2m_Mean_24h,Soybean,153,293.3511962890625
Temperature_Air_2m_Mean_24h,Soybean,154,293.39813232421875
Temperature_Air_2m_Mean_24h,Soybean,155,293.5806884765625
Temperature_Air_2m_Mean_24h,Soybean,156,293.7493591308594
Temperature_Air_2m_Mean_24h,Soybean,157,294.2442321777344
Temperature_Air_2m_Mean_24h,Soybean,158,294.7862548828125
Temperature_Air_2m_Mean_24h,Soybean,159,294.89788818359375
Temperature_Air_2m_Mean_24h,Soybean,160,294.98345947265625
Temperature_Air_2m_Mean_24h,Soybean,161,294.969970703125
Temperature_Air_2m_Mean_24h,Soybean,162,294.9674072265625
Temperature_Air_2m_Mean_24h,Soybean,163,295.179931640625
Temperature_Air_2m_Mean_24h,Soybean,164,295.46905517578125
Temperature_Air_2m_Mean_24h,Soybean,165,295.6259765625
Temperature_Air_2m_Mean_24h,Soybean,166,295.6706848144531
Temperature_Air_2m_Mean_24h,Soybean,167,295.7584228515625
Temperature_Air_2m_Mean_24h,Soybean,168,295.9698181152344
Temperature_Air_2m_Mean_24h,Soybean,169,296.02203369140625
Temperature_Air_2m_Mean_24h,Soybean,170,296.070068359375
Temperature_Air_2m_Mean_24h,Soybean,171,296.4100341796875
Temperature_Air_2m_Mean_24h,Soybean,172,296.4297180175781
Temperature_Air_2m_Mean_24h,Soybean,173,296.3774108886719
Temperature_Air_2m_Mean_24h,Soybean,174,296.4798583984375
Temperature_Air_2m_Mean_24h,Soybean,175,296.6199951171875
Temperature_Air_2m_Mean_24h,Soybean,176,296.80682373046875
Temperature_Air_2m_Mean_24h,Soybean,177,296.78277587890625
Temperature_Air_2m_Mean_24h,Soybean,178,296.64410400390625
Temperature_Air_2m_Mean_24h,Soybean,179,296.63385009765625
Temperature_Air_2m_Mean_24h,Soybean,180,296.8301086425781
Temperature_Air_2m_Mean_24h,Soybean,181,296.7126770019531
Temperature_Air_2m_Mean_24h,Soybean,182,296.5753173828125
Temperature_Air_2m_Mean_24h,Soybean,183,296.8160400390625
Temperature_Air_2m_Mean_24h,Soybean,184,297.332763671875
Temperature_Air_2m_Mean_24h,Soybean,185,297.442138671875
Temperature_Air_2m_Mean_24h,Soybean,186,297.5267639160156
Temperature_Air_2m_Mean_24h,Soybean,187,297.60052490234375
Temperature_Air_2m_Mean_24h,Soybean,188,297.7325134277344
Temperature_Air_2m_Mean_24h,Soybean,189,297.84967041015625
Temperature_Air_2m_Mean_24h,Soybean,190,297.967041015625
Temperature_Air_2m_Mean_24h,Soybean,191,297.8019714355469
Temperature_Air_2m_Mean_24h,Soybean,192,297.6587219238281
Temperature_Air_2m_Mean_24h,Soybean,193,297.66033935546875
Temperature_Air_2m_Mean_24h,Soybean,194,297.6844787597656
Temperature_Air_2m_Mean_24h,Soybean,195,297.815673828125
Temperature_Air_2m_Mean_24h,Soybean,196,297.832275390625
Temperature_Air_2m_Mean_24h,Soybean,197,298.1631774902344
Temperature_Air_2m_Mean_24h,Soybean,198,298.29486083984375
Temperature_Air_2m_Mean_24h,Soybean,199,298.37103271484375
Temperature_Air_2m_Mean_24h,Soybean,200,298.4265441894531
Temperature_Air_2m_Mean_24h,Soybean,201,298.423095703125
Temperature_Air_2m_Mean_24h,Soybean,202,298.035888671875
Temperature_Air_2m_Mean_24h,Soybean,203,297.8097229003906
Temperature_Air_2m_Mean_24h,Soybean,204,297.691162109375
Temperature_Air_2m_Mean_24h,Soybean,205,297.724609375
Temperature_Air_2m_Mean_24h,Soybean,206,297.8377380371094
Temperature_Air_2m_Mean_24h,Soybean,207,297.8467102050781
Temperature_Air_2m_Mean_24h,Soybean,208,297.7752380371094
Temperature_Air_2m_Mean_24h,Soybean,209,297.5483093261719
Temperature_Air_2m_Mean_24h,Soybean,210,297.3598937988281
Temperature_Air_2m_Mean_24h,Soybean,211,297.45794677734375
Temperature_Air_2m_Mean_24h,Soybean,212,297.53790283203125
Temperature_Air_2m_Mean_24h,Soybean,213,297.65673828125
Temperature_Air_2m_Mean_24h,Soybean,214,297.8302307128906
Temperature_Air_2m_Mean_24h,Soybean,215,297.9285888671875
Temperature_Air_2m_Mean_24h,Soybean,216,297.63116455078125
Temperature_Air_2m_Mean_24h,Soybean,217,297.2525329589844
Temperature_Air_2m_Mean_24h,Soybean,218,297.0199890136719
Temperature_Air_2m_Mean_24h,Soybean,219,297.2375793457031
Temperature_Air_2m_Mean_24h,Soybean,220,297.4065856933594
Temperature_Air_2m_Mean_24h,Soybean,221,297.388916015625
Temperature_Air_2m_Mean_24h,Soybean,222,297.27685546875
Temperature_Air_2m_Mean_24h,Soybean,223,297.0486755371094
Temperature_Air_2m_Mean_24h,Soybean,224,296.8414001464844
Temperature_Air_2m_Mean_24h,Soybean,225,296.60284423828125
Temperature_Air_2m_Mean_24h,Soybean,226,296.5414733886719
Temperature_Air_2m_Mean_24h,Soybean,227,296.809326171875
Temperature_Air_2m_Mean_24h,Soybean,228,297.0445251464844
Temperature_Air_2m_Mean_24h,Soybean,229,296.9765625
Temperature_Air_2m_Mean_24h,Soybean,230,296.8399963378906
Temperature_Air_2m_Mean_24h,Soybean,231,296.73779296875
Temperature_Air_2m_Mean_24h,Soybean,232,296.6111145019531
Temperature_Air_2m_Mean_24h,Soybean,233,296.64404296875
Temperature_Air_2m_Mean_24h,Soybean,234,296.6533203125
Temperature_Air_2m_Mean_24h,Soybean,235,296.7145690917969
Temperature_Air_2m_Mean_24h,Soybean,236,296.72821044921875
Temperature_Air_2m_Mean_24h,Soybean,237,296.8615417480469
Temperature_Air_2m_Mean_24h,Soybean,238,296.9146423339844
Temperature_Air_2m_Mean_24h,Soybean,239,296.8049621582031
Temperature_Air_2m_Mean_24h,Soybean,240,296.5813903808594
Temperature_Air_2m_Mean_24h,Soybean,241,296.3974914550781
Temperature_Air_2m_Mean_24h,Soybean,242,296.0782470703125
Temperature_Air_2m_Mean_24h,Soybean,243,295.9052429199219
Temperature_Air_2m_Mean_24h,Soybean,244,296.1072692871094
Temperature_Air_2m_Mean_24h,Soybean,245,0.0
Temperature_Air_2m_Mean_24h,Soybean,246,0.0
Temperature_Air_2m_Mean_24h,Soybean,247,0.0
Temperature_Air_2m_Mean_24h,Soybean,248,0.0
Temperature_Air_2m_Mean_24h,Soybean,249,0.0
Temperature_Air_2m_Mean_24h,Soybean,250,0.0
Temperature_Air_2m_Mean_24h,Soybean,251,0.0
Temperature_Air_2m_Mean_24h,Soybean,252,0.0
Temperature_Air_2m_Mean_24h,Soybean,253,0.0
Temperature_Air_2m_Mean_24h,Soybean,254,0.0
Temperature_Air_2m_Mean_24h,Soybean,255,0.0
Temperature_Air_2m_Mean_24h,Soybean,256,0.0
Temperature_Air_2m_Mean_24h,Soybean,257,0.0
Temperature_Air_2m_Mean_24h,Soybean,258,0.0
Temperature_Air_2m_Mean_24h,Soybean,259,0.0
Temperature_Air_2m_Mean_24h,Soybean,260,0.0
Temperature_Air_2m_Mean_24h,Soybean,261,0.0
Temperature_Air_2m_Mean_24h,Soybean,262,0.0
Temperature_Air_2m_Mean_24h,Soybean,263,0.0
Temperature_Air_2m_Mean_24h,Soybean,264,0.0
Temperature_Air_2m_Mean_24h,Soybean,265,0.0
Temperature_Air_2m_Mean_24h,Soybean,266,0.0
Temperature_Air_2m_Mean_24h,Soybean,267,0.0
Temperature_Air_2m_Mean_24h,Soybean,268,0.0
Temperature_Air_2m_Mean_24h,Soybean,269,0.0
Temperature_Air_2m_Mean_24h,Soybean,270,0.0
Temperature_Air_2m_Mean_24h,Soybean,271,0.0
Temperature_Air_2m_Mean_24h,Soybean,272,0.0
Temperature_Air_2m_Mean_24h,Soybean,273,0.0
Temperature_Air_2m_Mean_24h,Soybean,274,0.0
Temperature_Air_2m_Mean_24h,Soybean,275,0.0
Temperature_Air_2m_Mean_24h,Soybean,276,0.0
Temperature_Air_2m_Mean_24h,Soybean,277,0.0
Temperature_Air_2m_Mean_24h,Soybean,278,0.0
Temperature_Air_2m_Mean_24h,Soybean,279,0.0
Temperature_Air_2m_Mean_24h,Soybean,280,0.0
Temperature_Air_2m_Mean_24h,Soybean,281,0.0
Temperature_Air_2m_Mean_24h,Soybean,282,0.0
Temperature_Air_2m_Mean_24h,Soybean,283,0.0
Temperature_Air_2m_Mean_24h,Soybean,284,0.0
Temperature_Air_2m_Mean_24h,Soybean,285,0.0
Temperature_Air_2m_Mean_24h,Soybean,286,0.0
Temperature_Air_2m_Mean_24h,Soybean,287,0.0
Temperature_Air_2m_Mean_24h,Soybean,288,0.0
Temperature_Air_2m_Mean_24h,Soybean,289,0.0
Temperature_Air_2m_Mean_24h,Soybean,290,0.0
Temperature_Air_2m_Mean_24h,Soybean,291,0.0
Temperature_Air_2m_Mean_24h,Soybean,292,0.0
Temperature_Air_2m_Mean_24h,Soybean,293,0.0
Temperature_Air_2m_Mean_24h,Soybean,294,0.0
Temperature_Air_2m_Mean_24h,Soybean,295,0.0
Temperature_Air_2m_Mean_24h,Soybean,296,0.0
Temperature_Air_2m_Mean_24h,Soybean,297,0.0
Temperature_Air_2m_Mean_24h,Soybean,298,0.0
Temperature_Air_2m_Mean_24h,Soybean,299,0.0
Temperature_Air_2m_Mean_24h,Soybean,300,0.0
Temperature_Air_2m_Mean_24h,Soybean,301,0.0
Temperature_Air_2m_Mean_24h,Soybean,302,0.0
Temperature_Air_2m_Mean_24h,Soybean,303,0.0
Temperature_Air_2m_Mean_24h,Soybean,304,0.0
Temperature_Air_2m_Mean_24h,Soybean,305,0.0
Temperature_Air_2m_Mean_24h,Soybean,306,0.0
Temperature_Air_2m_Mean_24h,Soybean,307,0.0
Temperature_Air_2m_Mean_24h,Soybean,308,0.0
Temperature_Air_2m_Mean_24h,Soybean,309,0.0
Temperature_Air_2m_Mean_24h,Soybean,310,0.0
Temperature_Air_2m_Mean_24h,Soybean,311,0.0
Temperature_Air_2m_Mean_24h,Soybean,312,0.0
Temperature_Air_2m_Mean_24h,Soybean,313,0.0
Temperature_Air_2m_Mean_24h,Soybean,314,0.0
Temperature_Air_2m_Mean_24h,Soybean,315,0.0
Temperature_Air_2m_Mean_24h,Soybean,316,0.0
Temperature_Air_2m_Mean_24h,Soybean,317,0.0
Temperature_Air_2m_Mean_24h,Soybean,318,0.0
Temperature_Air_2m_Mean_24h,Soybean,319,0.0
Temperature_Air_2m_Mean_24h,Soybean,320,0.0
Temperature_Air_2m_Mean_24h,Soybean,321,0.0
Temperature_Air_2m_Mean_24h,Soybean,322,0.0
Temperature_Air_2m_Mean_24h,Soybean,323,0.0
Temperature_Air_2m_Mean_24h,Soybean,324,0.0
Temperature_Air_2m_Mean_24h,Soybean,325,0.0
Temperature_Air_2m_Mean_24h,Soybean,326,0.0
Temperature_Air_2m_Mean_24h,Soybean,327,0.0
Temperature_Air_2m_Mean_24h,Soybean,328,0.0
Temperature_Air_2m_Mean_24h,Soybean,329,0.0
Temperature_Air_2m_Mean_24h,Soybean,330,0.0
Temperature_Air_2m_Mean_24h,Soybean,331,0.0
Temperature_Air_2m_Mean_24h,Soybean,332,0.0
Temperature_Air_2m_Mean_24h,Soybean,333,0.0
Temperature_Air_2m_Mean_24h,Soybean,334,0.0
Temperature_Air_2m_Mean_24h,Soybean,335,0.0
Temperature_Air_2m_Mean_24h,Soybean,336,0.0
Temperature_Air_2m_Mean_24h,Soybean,337,0.0
Temperature_Air_2m_Mean_24h,Soybean,338,0.0
Temperature_Air_2m_Mean_24h,Soybean,339,0.0
Temperature_Air_2m_Mean_24h,Soybean,340,0.0
Temperature_Air_2m_Mean_24h,Soybean,341,0.0
Temperature_Air_2m_Mean_24h,Soybean,342,0.0
Temperature_Air_2m_Mean_24h,Soybean,343,0.0
Temperature_Air_2m_Mean_24h,Soybean,344,0.0
Temperature_Air_2m_Mean_24h,Soybean,345,0.0
Temperature_Air_2m_Mean_24h,Soybean,346,0.0
Temperature_Air_2m_Mean_24h,Soybean,347,0.0
Temperature_Air_2m_Mean_24h,Soybean,348,0.0
Temperature_Air_2m_Mean_24h,Soybean,349,0.0
Temperature_Air_2m_Mean_24h,Soybean,350,0.0
Temperature_Air_2m_Mean_24h,Soybean,351,0.0
Temperature_Air_2m_Mean_24h,Soybean,352,0.0
Temperature_Air_2m_Mean_24h,Soybean,353,0.0
Temperature_Air_2m_Mean_24h,Soybean,354,0.0
Temperature_Air_2m_Mean_24h,Soybean,355,0.0
Temperature_Air_2m_Mean_24h,Soybean,356,0.0
Temperature_Air_2m_Mean_24h,Soybean,357,0.0
Temperature_Air_2m_Mean_24h,Soybean,358,0.0
Temperature_Air_2m_Mean_24h,Soybean,359,0.0
Temperature_Air_2m_Mean_24h,Soybean,360,0.0
Temperature_Air_2m_Mean_24h,Soybean,361,0.0
Temperature_Air_2m_Mean_24h,Soybean,362,0.0
Temperature_Air_2m_Mean_24h,Soybean,363,0.0
Temperature_Air_2m_Mean_24h,Soybean,364,0.0
Temperature_Air_2m_Mean_24h,Soybean,365,0.0
Temperature_Air_2m_Mean_24h,Wheat,1,0.0
Temperature_Air_2m_Mean_24h,Wheat,2,0.0
Temperature_Air_2m_Mean_24h,Wheat,3,0.0
Temperature_Air_2m_Mean_24h,Wheat,4,0.0
Temperature_Air_2m_Mean_24h,Wheat,5,0.0
Temperature_Air_2m_Mean_24h,Wheat,6,0.0
Temperature_Air_2m_Mean_24h,Wheat,7,0.0
Temperature_Air_2m_Mean_24h,Wheat,8,0.0
Temperature_Air_2m_Mean_24h,Wheat,9,0.0
Temperature_Air_2m_Mean_24h,Wheat,10,0.0
Temperature_Air_2m_Mean_24h,Wheat,11,0.0
Temperature_Air_2m_Mean_24h,Wheat,12,0.0
Temperature_Air_2m_Mean_24h,Wheat,13,0.0
Temperature_Air_2m_Mean_24h,Wheat,14,0.0
Temperature_Air_2m_Mean_24h,Wheat,15,0.0
Temperature_Air_2m_Mean_24h,Wheat,16,0.0
Temperature_Air_2m_Mean_24h,Wheat,17,0.0
Temperature_Air_2m_Mean_24h,Wheat,18,0.0
Temperature_Air_2m_Mean_24h,Wheat,19,0.0
Temperature_Air_2m_Mean_24h,Wheat,20,0.0
Temperature_Air_2m_Mean_24h,Wheat,21,0.0
Temperature_Air_2m_Mean_24h,Wheat,22,0.0
Temperature_Air_2m_Mean_24h,Wheat,23,0.0
Temperature_Air_2m_Mean_24h,Wheat,24,0.0
Temperature_Air_2m_Mean_24h,Wheat,25,0.0
Temperature_Air_2m_Mean_24h,Wheat,26,0.0
Temperature_Air_2m_Mean_24h,Wheat,27,0.0
Temperature_Air_2m_Mean_24h,Wheat,28,0.0
Temperature_Air_2m_Mean_24h,Wheat,29,0.0
Temperature_Air_2m_Mean_24h,Wheat,30,0.0
Temperature_Air_2m_Mean_24h,Wheat,31,0.0
Temperature_Air_2m_Mean_24h,Wheat,32,0.0
Temperature_Air_2m_Mean_24h,Wheat,33,0.0
Temperature_Air_2m_Mean_24h,Wheat,34,0.0
Temperature_Air_2m_Mean_24h,Wheat,35,0.0
Temperature_Air_2m_Mean_24h,Wheat,36,0.0
Temperature_Air_2m_Mean_24h,Wheat,37,0.0
Temperature_Air_2m_Mean_24h,Wheat,38,0.0
Temperature_Air_2m_Mean_24h,Wheat,39,0.0
Temperature_Air_2m_Mean_24h,Wheat,40,0.0
Temperature_Air_2m_Mean_24h,Wheat,41,0.0
Temperature_Air_2m_Mean_24h,Wheat,42,0.0
Temperature_Air_2m_Mean_24h,Wheat,43,0.0
Temperature_Air_2m_Mean_24h,Wheat,44,0.0
Temperature_Air_2m_Mean_24h,Wheat,45,0.0
Temperature_Air_2m_Mean_24h,Wheat,46,0.0
Temperature_Air_2m_Mean_24h,Wheat,47,0.0
Temperature_Air_2m_Mean_24h,Wheat,48,0.0
Temperature_Air_2m_Mean_24h,Wheat,49,0.0
Temperature_Air_2m_Mean_24h,Wheat,50,0.0
Temperature_Air_2m_Mean_24h,Wheat,51,0.0
Temperature_Air_2m_Mean_24h,Wheat,52,0.0
Temperature_Air_2m_Mean_24h,Wheat,53,0.0
Temperature_Air_2m_Mean_24h,Wheat,54,0.0
Temperature_Air_2m_Mean_24h,Wheat,55,0.0
Temperature_Air_2m_Mean_24h,Wheat,56,0.0
Temperature_Air_2m_Mean_24h,Wheat,57,0.0
Temperature_Air_2m_Mean_24h,Wheat,58,0.0
Temperature_Air_2m_Mean_24h,Wheat,59,0.0
Temperature_Air_2m_Mean_24h,Wheat,60,276.419677734375
Temperature_Air_2m_Mean_24h,Wheat,61,276.3562927246094
Temperature_Air_2m_Mean_24h,Wheat,62,276.42144775390625
Temperature_Air_2m_Mean_24h,Wheat,63,276.9613952636719
Temperature_Air_2m_Mean_24h,Wheat,64,277.3077087402344
Temperature_Air_2m_Mean_24h,Wheat,65,277.4304504394531
Temperature_Air_2m_Mean_24h,Wheat,66,277.499755859375
Temperature_Air_2m_Mean_24h,Wheat,67,278.01416015625
Temperature_Air_2m_Mean_24h,Wheat,68,278.09613037109375
Temperature_Air_2m_Mean_24h,Wheat,69,278.3992919921875
Temperature_Air_2m_Mean_24h,Wheat,70,278.5860900878906
Temperature_Air_2m_Mean_24h,Wheat,71,278.7796936035156
Temperature_Air_2m_Mean_24h,Wheat,72,279.1279296875
Temperature_Air_2m_Mean_24h,Wheat,73,279.3350524902344
Temperature_Air_2m_Mean_24h,Wheat,74,279.637451171875
Temperature_Air_2m_Mean_24h,Wheat,75,279.9588928222656
Temperature_Air_2m_Mean_24h,Wheat,76,279.99188232421875
Temperature_Air_2m_Mean_24h,Wheat,77,279.6891784667969
Temperature_Air_2m_Mean_24h,Wheat,78,279.709228515625
Temperature_Air_2m_Mean_24h,Wheat,79,279.9099426269531
Temperature_Air_2m_Mean_24h,Wheat,80,280.0054016113281
Temperature_Air_2m_Mean_24h,Wheat,81,279.9603576660156
Temperature_Air_2m_Mean_24h,Wheat,82,280.4136962890625
Temperature_Air_2m_Mean_24h,Wheat,83,280.66668701171875
Temperature_Air_2m_Mean_24h,Wheat,84,280.80413818359375
Temperature_Air_2m_Mean_24h,Wheat,85,281.1391906738281
Temperature_Air_2m_Mean_24h,Wheat,86,281.4902648925781
Temperature_Air_2m_Mean_24h,Wheat,87,281.8615417480469
Temperature_Air_2m_Mean_24h,Wheat,88,281.87652587890625
Temperature_Air_2m_Mean_24h,Wheat,89,281.92047119140625
Temperature_Air_2m_Mean_24h,Wheat,90,282.0333251953125
Temperature_Air_2m_Mean_24h,Wheat,91,282.28253173828125
Temperature_Air_2m_Mean_24h,Wheat,92,282.5866394042969
Temperature_Air_2m_Mean_24h,Wheat,93,282.78424072265625
Temperature_Air_2m_Mean_24h,Wheat,94,282.6856994628906
Temperature_Air_2m_Mean_24h,Wheat,95,282.3463439941406
Temperature_Air_2m_Mean_24h,Wheat,96,282.5156555175781
Temperature_Air_2m_Mean_24h,Wheat,97,283.1129455566406
Temperature_Air_2m_Mean_24h,Wheat,98,283.359130859375
Temperature_Air_2m_Mean_24h,Wheat,99,283.242919921875
Temperature_Air_2m_Mean_24h,Wheat,100,283.4527587890625
Temperature_Air_2m_Mean_24h,Wheat,101,283.96563720703125
Temperature_Air_2m_Mean_24h,Wheat,102,284.44561767578125
Temperature_Air_2m_Mean_24h,Wheat,103,284.3371276855469
Temperature_Air_2m_Mean_24h,Wheat,104,284.2893371582031
Temperature_Air_2m_Mean_24h,Wheat,105,284.5357971191406
Temperature_Air_2m_Mean_24h,Wheat,106,284.7390441894531
Temperature_Air_2m_Mean_24h,Wheat,107,284.94696044921875
Temperature_Air_2m_Mean_24h,Wheat,108,285.6793518066406
Temperature_Air_2m_Mean_24h,Wheat,109,285.8627624511719
Temperature_Air_2m_Mean_24h,Wheat,110,285.8315124511719
Temperature_Air_2m_Mean_24h,Wheat,111,285.8460998535156
Temperature_Air_2m_Mean_24h,Wheat,112,286.0233459472656
Temperature_Air_2m_Mean_24h,Wheat,113,286.229736328125
Temperature_Air_2m_Mean_24h,Wheat,114,286.33831787109375
Temperature_Air_2m_Mean_24h,Wheat,115,286.52532958984375
Temperature_Air_2m_Mean_24h,Wheat,116,286.8980712890625
Temperature_Air_2m_Mean_24h,Wheat,117,286.6326904296875
Temperature_Air_2m_Mean_24h,Wheat,118,286.53662109375
Temperature_Air_2m_Mean_24h,Wheat,119,286.97857666015625
Temperature_Air_2m_Mean_24h,Wheat,120,287.14697265625
Temperature_Air_2m_Mean_24h,Wheat,121,287.0248718261719
Temperature_Air_2m_Mean_24h,Wheat,122,287.1675720214844
Temperature_Air_2m_Mean_24h,Wheat,123,287.4529724121094
Temperature_Air_2m_Mean_24h,Wheat,124,287.9400634765625
Temperature_Air_2m_Mean_24h,Wheat,125,288.35418701171875
Temperature_Air_2m_Mean_24h,Wheat,126,288.6517028808594
Temperature_Air_2m_Mean_24h,Wheat,127,288.94677734375
Temperature_Air_2m_Mean_24h,Wheat,128,289.12811279296875
Temperature_Air_2m_Mean_24h,Wheat,129,288.9701843261719
Temperature_Air_2m_Mean_24h,Wheat,130,289.0745849609375
Temperature_Air_2m_Mean_24h,Wheat,131,289.34368896484375
Temperature_Air_2m_Mean_24h,Wheat,132,289.3375244140625
Temperature_Air_2m_Mean_24h,Wheat,133,289.5834045410156
Temperature_Air_2m_Mean_24h,Wheat,134,289.7861633300781
Temperature_Air_2m_Mean_24h,Wheat,135,289.8016357421875
Temperature_Air_2m_Mean_24h,Wheat,136,290.0364990234375
Temperature_Air_2m_Mean_24h,Wheat,137,290.1493835449219
Temperature_Air_2m_Mean_24h,Wheat,138,290.3196105957031
Temperature_Air_2m_Mean_24h,Wheat,139,290.5998840332031
Temperature_Air_2m_Mean_24h,Wheat,140,290.641845703125
Temperature_Air_2m_Mean_24h,Wheat,141,290.7882080078125
Temperature_Air_2m_Mean_24h,Wheat,142,291.1556701660156
Temperature_Air_2m_Mean_24h,Wheat,143,291.527099609375
Temperature_Air_2m_Mean_24h,Wheat,144,291.56396484375
Temperature_Air_2m_Mean_24h,Wheat,145,291.5491943359375
Temperature_Air_2m_Mean_24h,Wheat,146,291.6280517578125
Temperature_Air_2m_Mean_24h,Wheat,147,291.9053649902344
Temperature_Air_2m_Mean_24h,Wheat,148,292.2844543457031
Temperature_Air_2m_Mean_24h,Wheat,149,292.5766906738281
Temperature_Air_2m_Mean_24h,Wheat,150,292.7752685546875
Temperature_Air_2m_Mean_24h,Wheat,151,292.76434326171875
Temperature_Air_2m_Mean_24h,Wheat,152,292.84710693359375
Temperature_Air_2m_Mean_24h,Wheat,153,292.8242492675781
Temperature_Air_2m_Mean_24h,Wheat,154,292.7880859375
Temperature_Air_2m_Mean_24h,Wheat,155,292.9237060546875
Temperature_Air_2m_Mean_24h,Wheat,156,293.1402893066406
Temperature_Air_2m_Mean_24h,Wheat,157,293.600341796875
Temperature_Air_2m_Mean_24h,Wheat,158,294.1049499511719
Temperature_Air_2m_Mean_24h,Wheat,159,294.2376403808594
Temperature_Air_2m_Mean_24h,Wheat,160,294.27423095703125
Temperature_Air_2m_Mean_24h,Wheat,161,294.1963806152344
Temperature_Air_2m_Mean_24h,Wheat,162,294.3274230957031
Temperature_Air_2m_Mean_24h,Wheat,163,294.5315246582031
Temperature_Air_2m_Mean_24h,Wheat,164,294.8310241699219
Temperature_Air_2m_Mean_24h,Wheat,165,294.9939880371094
Temperature_Air_2m_Mean_24h,Wheat,166,295.0599670410156
Temperature_Air_2m_Mean_24h,Wheat,167,295.14324951171875
Temperature_Air_2m_Mean_24h,Wheat,168,295.3000183105469
Temperature_Air_2m_Mean_24h,Wheat,169,295.449951171875
Temperature_Air_2m_Mean_24h,Wheat,170,295.62432861328125
Temperature_Air_2m_Mean_24h,Wheat,171,295.87445068359375
Temperature_Air_2m_Mean_24h,Wheat,172,295.9341735839844
Temperature_Air_2m_Mean_24h,Wheat,173,295.95050048828125
Temperature_Air_2m_Mean_24h,Wheat,174,296.0877685546875
Temperature_Air_2m_Mean_24h,Wheat,175,296.30908203125
Temperature_Air_2m_Mean_24h,Wheat,176,296.5075378417969
Temperature_Air_2m_Mean_24h,Wheat,177,296.4551086425781
Temperature_Air_2m_Mean_24h,Wheat,178,296.3751220703125
Temperature_Air_2m_Mean_24h,Wheat,179,296.4465637207031
Temperature_Air_2m_Mean_24h,Wheat,180,296.5945129394531
Temperature_Air_2m_Mean_24h,Wheat,181,296.4525451660156
Temperature_Air_2m_Mean_24h,Wheat,182,296.01641845703125
Temperature_Air_2m_Mean_24h,Wheat,183,0.0
Temperature_Air_2m_Mean_24h,Wheat,184,0.0
Temperature_Air_2m_Mean_24h,Wheat,185,0.0
Temperature_Air_2m_Mean_24h,Wheat,186,0.0
Temperature_Air_2m_Mean_24h,Wheat,187,0.0
Temperature_Air_2m_Mean_24h,Wheat,188,0.0
Temperature_Air_2m_Mean_24h,Wheat,189,0.0
Temperature_Air_2m_Mean_24h,Wheat,190,0.0
Temperature_Air_2m_Mean_24h,Wheat,191,0.0
Temperature_Air_2m_Mean_24h,Wheat,192,0.0
Temperature_Air_2m_Mean_24h,Wheat,193,0.0
Temperature_Air_2m_Mean_24h,Wheat,194,0.0
Temperature_Air_2m_Mean_24h,Wheat,195,0.0
Temperature_Air_2m_Mean_24h,Wheat,196,0.0
Temperature_Air_2m_Mean_24h,Wheat,197,0.0
Temperature_Air_2m_Mean_24h,Wheat,198,0.0
Temperature_Air_2m_Mean_24h,Wheat,199,0.0
Temperature_Air_2m_Mean_24h,Wheat,200,0.0
Temperature_Air_2m_Mean_24h,Wheat,201,0.0
Temperature_Air_2m_Mean_24h,Wheat,202,0.0
Temperature_Air_2m_Mean_24h,Wheat,203,0.0
Temperature_Air_2m_Mean_24h,Wheat,204,0.0
Temperature_Air_2m_Mean_24h,Wheat,205,0.0
Temperature_Air_2m_Mean_24h,Wheat,206,0.0
Temperature_Air_2m_Mean_24h,Wheat,207,0.0
Temperature_Air_2m_Mean_24h,Wheat,208,0.0
Temperature_Air_2m_Mean_24h,Wheat,209,0.0
Temperature_Air_2m_Mean_24h,Wheat,210,0.0
Temperature_Air_2m_Mean_24h,Wheat,211,0.0
Temperature_Air_2m_Mean_24h,Wheat,212,0.0
Temperature_Air_2m_Mean_24h,Wheat,213,0.0
Temperature_Air_2m_Mean_24h,Wheat,214,0.0
Temperature_Air_2m_Mean_24h,Wheat,215,0.0
Temperature_Air_2m_Mean_24h,Wheat,216,0.0
Temperature_Air_2m_Mean_24h,Wheat,217,0.0
Temperature_Air_2m_Mean_24h,Wheat,218,0.0
Temperature_Air_2m_Mean_24h,Wheat,219,0.0
Temperature_Air_2m_Mean_24h,Wheat,220,0.0
Temperature_Air_2m_Mean_24h,Wheat,221,0.0
Temperature_Air_2m_Mean_24h,Wheat,222,0.0
Temperature_Air_2m_Mean_24h,Wheat,223,0.0
Temperature_Air_2m_Mean_24h,Wheat,224,0.0
Temperature_Air_2m_Mean_24h,Wheat,225,0.0
Temperature_Air_2m_Mean_24h,Wheat,226,0.0
Temperature_Air_2m_Mean_24h,Wheat,227,0.0
Temperature_Air_2m_Mean_24h,Wheat,228,0.0
Temperature_Air_2m_Mean_24h,Wheat,229,0.0
Temperature_Air_2m_Mean_24h,Wheat,230,0.0
Temperature_Air_2m_Mean_24h,Wheat,231,0.0
Temperature_Air_2m_Mean_24h,Wheat,232,0.0
Temperature_Air_2m_Mean_24h,Wheat,233,0.0
Temperature_Air_2m_Mean_24h,Wheat,234,0.0
Temperature_Air_2m_Mean_24h,Wheat,235,0.0
Temperature_Air_2m_Mean_24h,Wheat,236,0.0
Temperature_Air_2m_Mean_24h,Wheat,237,0.0
Temperature_Air_2m_Mean_24h,Wheat,238,0.0
Temperature_Air_2m_Mean_24h,Wheat,239,0.0
Temperature_Air_2m_Mean_24h,Wheat,240,0.0
Temperature_Air_2m_Mean_24h,Wheat,241,0.0
Temperature_Air_2m_Mean_24h,Wheat,242,0.0
Temperature_Air_2m_Mean_24h,Wheat,243,0.0
Temperature_Air_2m_Mean_24h,Wheat,244,0.0
Temperature_Air_2m_Mean_24h,Wheat,245,0.0
Temperature_Air_2m_Mean_24h,Wheat,246,0.0
Temperature_Air_2m_Mean_24h,Wheat,247,0.0
Temperature_Air_2m_Mean_24h,Wheat,248,0.0
Temperature_Air_2m_Mean_24h,Wheat,249,0.0
Temperature_Air_2m_Mean_24h,Wheat,250,0.0
Temperature_Air_2m_Mean_24h,Wheat,251,0.0
Temperature_Air_2m_Mean_24h,Wheat,252,0.0
Temperature_Air_2m_Mean_24h,Wheat,253,0.0
Temperature_Air_2m_Mean_24h,Wheat,254,0.0
Temperature_Air_2m_Mean_24h,Wheat,255,0.0
Temperature_Air_2m_Mean_24h,Wheat,256,0.0
Temperature_Air_2m_Mean_24h,Wheat,257,0.0
Temperature_Air_2m_Mean_24h,Wheat,258,0.0
Temperature_Air_2m_Mean_24h,Wheat,259,0.0
Temperature_Air_2m_Mean_24h,Wheat,260,0.0
Temperature_Air_2m_Mean_24h,Wheat,261,0.0
Temperature_Air_2m_Mean_24h,Wheat,262,0.0
Temperature_Air_2m_Mean_24h,Wheat,263,0.0
Temperature_Air_2m_Mean_24h,Wheat,264,0.0
Temperature_Air_2m_Mean_24h,Wheat,265,0.0
Temperature_Air_2m_Mean_24h,Wheat,266,0.0
Temperature_Air_2m_Mean_24h,Wheat,267,0.0
Temperature_Air_2m_Mean_24h,Wheat,268,0.0
Temperature_Air_2m_Mean_24h,Wheat,269,0.0
Temperature_Air_2m_Mean_24h,Wheat,270,0.0
Temperature_Air_2m_Mean_24h,Wheat,271,0.0
Temperature_Air_2m_Mean_24h,Wheat,272,0.0
Temperature_Air_2m_Mean_24h,Wheat,273,0.0
Temperature_Air_2m_Mean_24h,Wheat,274,0.0
Temperature_Air_2m_Mean_24h,Wheat,275,0.0
Temperature_Air_2m_Mean_24h,Wheat,276,0.0
Temperature_Air_2m_Mean_24h,Wheat,277,0.0
Temperature_Air_2m_Mean_24h,Wheat,278,0.0
Temperature_Air_2m_Mean_24h,Wheat,279,0.0
Temperature_Air_2m_Mean_24h,Wheat,280,0.0
Temperature_Air_2m_Mean_24h,Wheat,281,0.0
Temperature_Air_2m_Mean_24h,Wheat,282,0.0
Temperature_Air_2m_Mean_24h,Wheat,283,0.0
Temperature_Air_2m_Mean_24h,Wheat,284,0.0
Temperature_Air_2m_Mean_24h,Wheat,285,0.0
Temperature_Air_2m_Mean_24h,Wheat,286,0.0
Temperature_Air_2m_Mean_24h,Wheat,287,0.0
Temperature_Air_2m_Mean_24h,Wheat,288,0.0
Temperature_Air_2m_Mean_24h,Wheat,289,0.0
Temperature_Air_2m_Mean_24h,Wheat,290,0.0
Temperature_Air_2m_Mean_24h,Wheat,291,0.0
Temperature_Air_2m_Mean_24h,Wheat,292,0.0
Temperature_Air_2m_Mean_24h,Wheat,293,0.0
Temperature_Air_2m_Mean_24h,Wheat,294,0.0
Temperature_Air_2m_Mean_24h,Wheat,295,0.0
Temperature_Air_2m_Mean_24h,Wheat,296,0.0
Temperature_Air_2m_Mean_24h,Wheat,297,0.0
Temperature_Air_2m_Mean_24h,Wheat,298,0.0
Temperature_Air_2m_Mean_24h,Wheat,299,0.0
Temperature_Air_2m_Mean_24h,Wheat,300,0.0
Temperature_Air_2m_Mean_24h,Wheat,301,0.0
Temperature_Air_2m_Mean_24h,Wheat,302,0.0
Temperature_Air_2m_Mean_24h,Wheat,303,0.0
Temperature_Air_2m_Mean_24h,Wheat,304,0.0
Temperature_Air_2m_Mean_24h,Wheat,305,0.0
Temperature_Air_2m_Mean_24h,Wheat,306,0.0
Temperature_Air_2m_Mean_24h,Wheat,307,0.0
Temperature_Air_2m_Mean_24h,Wheat,308,0.0
Temperature_Air_2m_Mean_24h,Wheat,309,0.0
Temperature_Air_2m_Mean_24h,Wheat,310,0.0
Temperature_Air_2m_Mean_24h,Wheat,311,0.0
Temperature_Air_2m_Mean_24h,Wheat,312,0.0
Temperature_Air_2m_Mean_24h,Wheat,313,0.0
Temperature_Air_2m_Mean_24h,Wheat,314,0.0
Temperature_Air_2m_Mean_24h,Wheat,315,0.0
Temperature_Air_2m_Mean_24h,Wheat,316,0.0
Temperature_Air_2m_Mean_24h,Wheat,317,0.0
Temperature_Air_2m_Mean_24h,Wheat,318,0.0
Temperature_Air_2m_Mean_24h,Wheat,319,0.0
Temperature_Air_2m_Mean_24h,Wheat,320,0.0
Temperature_Air_2m_Mean_24h,Wheat,321,0.0
Temperature_Air_2m_Mean_24h,Wheat,322,0.0
Temperature_Air_2m_Mean_24h,Wheat,323,0.0
Temperature_Air_2m_Mean_24h,Wheat,324,0.0
Temperature_Air_2m_Mean_24h,Wheat,325,0.0
Temperature_Air_2m_Mean_24h,Wheat,326,0.0
Temperature_Air_2m_Mean_24h,Wheat,327,0.0
Temperature_Air_2m_Mean_24h,Wheat,328,0.0
Temperature_Air_2m_Mean_24h,Wheat,329,0.0
Temperature_Air_2m_Mean_24h,Wheat,330,0.0
Temperature_Air_2m_Mean_24h,Wheat,331,0.0
Temperature_Air_2m_Mean_24h,Wheat,332,0.0
Temperature_Air_2m_Mean_24h,Wheat,333,0.0
Temperature_Air_2m_Mean_24h,Wheat,334,0.0
Temperature_Air_2m_Mean_24h,Wheat,335,0.0
Temperature_Air_2m_Mean_24h,Wheat,336,0.0
Temperature_Air_2m_Mean_24h,Wheat,337,0.0
Temperature_Air_2m_Mean_24h,Wheat,338,0.0
Temperature_Air_2m_Mean_24h,Wheat,339,0.0
Temperature_Air_2m_Mean_24h,Wheat,340,0.0
Temperature_Air_2m_Mean_24h,Wheat,341,0.0
Temperature_Air_2m_Mean_24h,Wheat,342,0.0
Temperature_Air_2m_Mean_24h,Wheat,343,0.0
Temperature_Air_2m_Mean_24h,Wheat,344,0.0
Temperature_Air_2m_Mean_24h,Wheat,345,0.0
Temperature_Air_2m_Mean_24h,Wheat,346,0.0
Temperature_Air_2m_Mean_24h,Wheat,347,0.0
Temperature_Air_2m_Mean_24h,Wheat,348,0.0
Temperature_Air_2m_Mean_24h,Wheat,349,0.0
Temperature_Air_2m_Mean_24h,Wheat,350,0.0
Temperature_Air_2m_Mean_24h,Wheat,351,0.0
Temperature_Air_2m_Mean_24h,Wheat,352,0.0
Temperature_Air_2m_Mean_24h,Wheat,353,0.0
Temperature_Air_2m_Mean_24h,Wheat,354,0.0
Temperature_Air_2m_Mean_24h,Wheat,355,0.0
Temperature_Air_2m_Mean_24h,Wheat,356,0.0
Temperature_Air_2m_Mean_24h,Wheat,357,0.0
Temperature_Air_2m_Mean_24h,Wheat,358,0.0
Temperature_Air_2m_Mean_24h,Wheat,359,0.0
Temperature_Air_2m_Mean_24h,Wheat,360,0.0
Temperature_Air_2m_Mean_24h,Wheat,361,0.0
Temperature_Air_2m_Mean_24h,Wheat,362,0.0
Temperature_Air_2m_Mean_24h,Wheat,363,0.0
Temperature_Air_2m_Mean_24h,Wheat,364,0.0
Temperature_Air_2m_Mean_24h,Wheat,365,0.0
Precipitation_Flux,Maize,1,0.0
Precipitation_Flux,Maize,2,0.0
Precipitation_Flux,Maize,3,0.0
Precipitation_Flux,Maize,4,0.0
Precipitation_Flux,Maize,5,0.0
Precipitation_Flux,Maize,6,0.0
Precipitation_Flux,Maize,7,0.0
Precipitation_Flux,Maize,8,0.0
Precipitation_Flux,Maize,9,0.0
Precipitation_Flux,Maize,10,0.0
Precipitation_Flux,Maize,11,0.0
Precipitation_Flux,Maize,12,0.0
Precipitation_Flux,Maize,13,0.0
Precipitation_Flux,Maize,14,0.0
Precipitation_Flux,Maize,15,0.0
Precipitation_Flux,Maize,16,0.0
Precipitation_Flux,Maize,17,0.0
Precipitation_Flux,Maize,18,0.0
Precipitation_Flux,Maize,19,0.0
Precipitation_Flux,Maize,20,0.0
Precipitation_Flux,Maize,21,0.0
Precipitation_Flux,Maize,22,0.0
Precipitation_Flux,Maize,23,0.0
Precipitation_Flux,Maize,24,0.0
Precipitation_Flux,Maize,25,0.0
Precipitation_Flux,Maize,26,0.0
Precipitation_Flux,Maize,27,0.0
Precipitation_Flux,Maize,28,0.0
Precipitation_Flux,Maize,29,0.0
Precipitation_Flux,Maize,30,0.0
Precipitation_Flux,Maize,31,0.0
Precipitation_Flux,Maize,32,0.0
Precipitation_Flux,Maize,33,0.0
Precipitation_Flux,Maize,34,0.0
Precipitation_Flux,Maize,35,0.0
Precipitation_Flux,Maize,36,0.0
Precipitation_Flux,Maize,37,0.0
Precipitation_Flux,Maize,38,0.0
Precipitation_Flux,Maize,39,0.0
Precipitation_Flux,Maize,40,0.0
Precipitation_Flux,Maize,41,0.0
Precipitation_Flux,Maize,42,0.0
Precipitation_Flux,Maize,43,0.0
Precipitation_Flux,Maize,44,0.0
Precipitation_Flux,Maize,45,0.0
Precipitation_Flux,Maize,46,0.0
Precipitation_Flux,Maize,47,0.0
Precipitation_Flux,Maize,48,0.0
Precipitation_Flux,Maize,49,0.0
Precipitation_Flux,Maize,50,0.0
Precipitation_Flux,Maize,51,0.0
Precipitation_Flux,Maize,52,0.0
Precipitation_Flux,Maize,53,0.0
Precipitation_Flux,Maize,54,0.0
Precipitation_Flux,Maize,55,0.0
Precipitation_Flux,Maize,56,0.0
Precipitation_Flux,Maize,57,0.0
Precipitation_Flux,Maize,58,0.0
Precipitation_Flux,Maize,59,0.0
Precipitation_Flux,Maize,60,0.0
Precipitation_Flux,Maize,61,0.0
Precipitation_Flux,Maize,62,0.0
Precipitation_Flux,Maize,63,0.0
Precipitation_Flux,Maize,64,0.0
Precipitation_Flux,Maize,65,0.0
Precipitation_Flux,Maize,66,0.0
Precipitation_Flux,Maize,67,0.0
Precipitation_Flux,Maize,68,0.0
Precipitation_Flux,Maize,69,0.0
Precipitation_Flux,Maize,70,0.0
Precipitation_Flux,Maize,71,0.0
Precipitation_Flux,Maize,72,0.0
Precipitation_Flux,Maize,73,0.0
Precipitation_Flux,Maize,74,0.0
Precipitation_Flux,Maize,75,0.0
Precipitation_Flux,Maize,76,0.0
Precipitation_Flux,Maize,77,0.0
Precipitation_Flux,Maize,78,0.0
Precipitation_Flux,Maize,79,0.0
Precipitation_Flux,Maize,80,0.0
Precipitation_Flux,Maize,81,0.0
Precipitation_Flux,Maize,82,0.0
Precipitation_Flux,Maize,83,0.0
Precipitation_Flux,Maize,84,0.0
Precipitation_Flux,Maize,85,0.0
Precipitation_Flux,Maize,86,0.0
Precipitation_Flux,Maize,87,0.0
Precipitation_Flux,Maize,88,0.0
Precipitation_Flux,Maize,89,0.0
Precipitation_Flux,Maize,90,0.0
Precipitation_Flux,Maize,91,2.907599687576294
Precipitation_Flux,Maize,92,4.006785869598389
Precipitation_Flux,Maize,93,5.116246223449707
Precipitation_Flux,Maize,94,4.812792778015137
Precipitation_Flux,Maize,95,4.835745334625244
Precipitation_Flux,Maize,96,3.759587049484253
Precipitation_Flux,Maize,97,3.9766693115234375
Precipitation_Flux,Maize,98,4.543705463409424
Precipitation_Flux,Maize,99,4.291789531707764
Precipitation_Flux,Maize,100,4.343360900878906
Precipitation_Flux,Maize,101,5.067137718200684
Precipitation_Flux,Maize,102,4.4154953956604
Precipitation_Flux,Maize,103,5.448905944824219
Precipitation_Flux,Maize,104,5.918785095214844
Precipitation_Flux,Maize,105,5.03942346572876
Precipitation_Flux,Maize,106,3.889820098876953
Precipitation_Flux,Maize,107,3.260277509689331
Precipitation_Flux,Maize,108,3.9779410362243652
Precipitation_Flux,Maize,109,4.7922844886779785
Precipitation_Flux,Maize,110,4.3023786544799805
Precipitation_Flux,Maize,111,4.141817569732666
Precipitation_Flux,Maize,112,4.7289628982543945
Precipitation_Flux,Maize,113,4.683858871459961
Precipitation_Flux,Maize,114,4.3369646072387695
Precipitation_Flux,Maize,115,4.520816326141357
Precipitation_Flux,Maize,116,4.5955810546875
Precipitation_Flux,Maize,117,5.064126491546631
Precipitation_Flux,Maize,118,4.682642936706543
Precipitation_Flux,Maize,119,4.872340202331543
Precipitation_Flux,Maize,120,5.507728576660156
Precipitation_Flux,Maize,121,4.81251335144043
Precipitation_Flux,Maize,122,4.555068492889404
Precipitation_Flux,Maize,123,5.37073278427124
Precipitation_Flux,Maize,124,4.879683971405029
Precipitation_Flux,Maize,125,4.378730773925781
Precipitation_Flux,Maize,126,3.702159881591797
Precipitation_Flux,Maize,127,4.296685695648193
Precipitation_Flux,Maize,128,4.80098295211792
Precipitation_Flux,Maize,129,4.996348857879639
Precipitation_Flux,Maize,130,4.632456302642822
Precipitation_Flux,Maize,131,4.438251495361328
Precipitation_Flux,Maize,132,4.626145839691162
Precipitation_Flux,Maize,133,4.4655327796936035
Precipitation_Flux,Maize,134,4.106088161468506
Precipitation_Flux,Maize,135,4.157142639160156
Precipitation_Flux,Maize,136,4.494194507598877
Precipitation_Flux,Maize,137,4.983922958374023
Precipitation_Flux,Maize,138,5.522560119628906
Precipitation_Flux,Maize,139,5.0392913818359375
Precipitation_Flux,Maize,140,4.432003974914551
Precipitation_Flux,Maize,141,4.333700656890869
Precipitation_Flux,Maize,142,3.9154179096221924
Precipitation_Flux,Maize,143,4.2401041984558105
Precipitation_Flux,Maize,144,4.591485023498535
Precipitation_Flux,Maize,145,4.834294319152832
Precipitation_Flux,Maize,146,4.746617317199707
Precipitation_Flux,Maize,147,4.721097469329834
Precipitation_Flux,Maize,148,4.502697944641113
Precipitation_Flux,Maize,149,4.13836669921875
Precipitation_Flux,Maize,150,4.411414623260498
Precipitation_Flux,Maize,151,4.247107982635498
Precipitation_Flux,Maize,152,4.072041034698486
Precipitation_Flux,Maize,153,4.2905964851379395
Precipitation_Flux,Maize,154,4.006623268127441
Precipitation_Flux,Maize,155,4.418682098388672
Precipitation_Flux,Maize,156,4.544598579406738
Precipitation_Flux,Maize,157,4.583803176879883
Precipitation_Flux,Maize,158,4.086999416351318
Precipitation_Flux,Maize,159,4.392847537994385
Precipitation_Flux,Maize,160,4.333979606628418
Precipitation_Flux,Maize,161,4.857417106628418
Precipitation_Flux,Maize,162,5.025163650512695
Precipitation_Flux,Maize,163,4.631645202636719
Precipitation_Flux,Maize,164,4.495447158813477
Precipitation_Flux,Maize,165,4.38936185836792
Precipitation_Flux,Maize,166,4.347261428833008
Precipitation_Flux,Maize,167,4.143447399139404
Precipitation_Flux,Maize,168,4.130401611328125
Precipitation_Flux,Maize,169,4.199787139892578
Precipitation_Flux,Maize,170,4.143355369567871
Precipitation_Flux,Maize,171,3.9906630516052246
Precipitation_Flux,Maize,172,4.255241394042969
Precipitation_Flux,Maize,173,4.332353591918945
Precipitation_Flux,Maize,174,3.9317708015441895
Precipitation_Flux,Maize,175,3.9065513610839844
Precipitation_Flux,Maize,176,4.026974678039551
Precipitation_Flux,Maize,177,4.343741416931152
Precipitation_Flux,Maize,178,4.32352352142334
Precipitation_Flux,Maize,179,4.296598434448242
Precipitation_Flux,Maize,180,3.740906238555908
Precipitation_Flux,Maize,181,3.7906086444854736
Precipitation_Flux,Maize,182,4.384129524230957
Precipitation_Flux,Maize,183,3.5730032920837402
Precipitation_Flux,Maize,184,3.5788843631744385
Precipitation_Flux,Maize,185,4.3761396408081055
Precipitation_Flux,Maize,186,4.225467205047607
Precipitation_Flux,Maize,187,3.8523738384246826
Precipitation_Flux,Maize,188,3.544550657272339
Precipitation_Flux,Maize,189,3.6053431034088135
Precipitation_Flux,Maize,190,3.4032809734344482
Precipitation_Flux,Maize,191,3.747218132019043
Precipitation_Flux,Maize,192,4.282810688018799
Precipitation_Flux,Maize,193,4.114830017089844
Precipitation_Flux,Maize,194,4.016412258148193
Precipitation_Flux,Maize,195,3.7362260818481445
Precipitation_Flux,Maize,196,3.624511241912842
Precipitation_Flux,Maize,197,3.4580838680267334
Precipitation_Flux,Maize,198,3.1952931880950928
Precipitation_Flux,Maize,199,3.471825122833252
Precipitation_Flux,Maize,200,3.6368021965026855
Precipitation_Flux,Maize,201,3.5058836936950684
Precipitation_Flux,Maize,202,3.645724296569824
Precipitation_Flux,Maize,203,4.089179039001465
Precipitation_Flux,Maize,204,3.5274181365966797
Precipitation_Flux,Maize,205,3.221389055252075
Precipitation_Flux,Maize,206,3.454414129257202
Precipitation_Flux,Maize,207,3.6937272548675537
Precipitation_Flux,Maize,208,4.006914138793945
Precipitation_Flux,Maize,209,3.812621831893921
Precipitation_Flux,Maize,210,3.500269651412964
Precipitation_Flux,Maize,211,3.563829183578491
Precipitation_Flux,Maize,212,3.779019594192505
Precipitation_Flux,Maize,213,4.1151123046875
Precipitation_Flux,Maize,214,0.0
Precipitation_Flux,Maize,215,0.0
Precipitation_Flux,Maize,216,0.0
Precipitation_Flux,Maize,217,0.0
Precipitation_Flux,Maize,218,0.0
Precipitation_Flux,Maize,219,0.0
Precipitation_Flux,Maize,220,0.0
Precipitation_Flux,Maize,221,0.0
Precipitation_Flux,Maize,222,0.0
Precipitation_Flux,Maize,223,0.0
Precipitation_Flux,Maize,224,0.0
Precipitation_Flux,Maize,225,0.0
Precipitation_Flux,Maize,226,0.0
Precipitation_Flux,Maize,227,0.0
Precipitation_Flux,Maize,228,0.0
Precipitation_Flux,Maize,229,0.0
Precipitation_Flux,Maize,230,0.0
Precipitation_Flux,Maize,231,0.0
Precipitation_Flux,Maize,232,0.0
Precipitation_Flux,Maize,233,0.0
Precipitation_Flux,Maize,234,0.0
Precipitation_Flux,Maize,235,0.0
Precipitation_Flux,Maize,236,0.0
Precipitation_Flux,Maize,237,0.0
Precipitation_Flux,Maize,238,0.0
Precipitation_Flux,Maize,239,0.0
Precipitation_Flux,Maize,240,0.0
Precipitation_Flux,Maize,241,0.0
Precipitation_Flux,Maize,242,0.0
Precipitation_Flux,Maize,243,0.0
Precipitation_Flux,Maize,244,0.0
Precipitation_Flux,Maize,245,0.0
Precipitation_Flux,Maize,246,0.0
Precipitation_Flux,Maize,247,0.0
Precipitation_Flux,Maize,248,0.0
Precipitation_Flux,Maize,249,0.0
Precipitation_Flux,Maize,250,0.0
Precipitation_Flux,Maize,251,0.0
Precipitation_Flux,Maize,252,0.0
Precipitation_Flux,Maize,253,0.0
Precipitation_Flux,Maize,254,0.0
Precipitation_Flux,Maize,255,0.0
Precipitation_Flux,Maize,256,0.0
Precipitation_Flux,Maize,257,0.0
Precipitation_Flux,Maize,258,0.0
Precipitation_Flux,Maize,259,0.0
Precipitation_Flux,Maize,260,0.0
Precipitation_Flux,Maize,261,0.0
Precipitation_Flux,Maize,262,0.0
Precipitation_Flux,Maize,263,0.0
Precipitation_Flux,Maize,264,0.0
Precipitation_Flux,Maize,265,0.0
Precipitation_Flux,Maize,266,0.0
Precipitation_Flux,Maize,267,0.0
Precipitation_Flux,Maize,268,0.0
Precipitation_Flux,Maize,269,0.0
Precipitation_Flux,Maize,270,0.0
Precipitation_Flux,Maize,271,0.0
Precipitation_Flux,Maize,272,0.0
Precipitation_Flux,Maize,273,0.0
Precipitation_Flux,Maize,274,0.0
Precipitation_Flux,Maize,275,0.0
Precipitation_Flux,Maize,276,0.0
Precipitation_Flux,Maize,277,0.0
Precipitation_Flux,Maize,278,0.0
Precipitation_Flux,Maize,279,0.0
Precipitation_Flux,Maize,280,0.0
Precipitation_Flux,Maize,281,0.0
Precipitation_Flux,Maize,282,0.0
Precipitation_Flux,Maize,283,0.0
Precipitation_Flux,Maize,284,0.0
Precipitation_Flux,Maize,285,0.0
Precipitation_Flux,Maize,286,0.0
Precipitation_Flux,Maize,287,0.0
Precipitation_Flux,Maize,288,0.0
Precipitation_Flux,Maize,289,0.0
Precipitation_Flux,Maize,290,0.0
Precipitation_Flux,Maize,291,0.0
Precipitation_Flux,Maize,292,0.0
Precipitation_Flux,Maize,293,0.0
Precipitation_Flux,Maize,294,0.0
Precipitation_Flux,Maize,295,0.0
Precipitation_Flux,Maize,296,0.0
Precipitation_Flux,Maize,297,0.0
Precipitation_Flux,Maize,298,0.0
Precipitation_Flux,Maize,299,0.0
Precipitation_Flux,Maize,300,0.0
Precipitation_Flux,Maize,301,0.0
Precipitation_Flux,Maize,302,0.0
Precipitation_Flux,Maize,303,0.0
Precipitation_Flux,Maize,304,0.0
Precipitation_Flux,Maize,305,0.0
Precipitation_Flux,Maize,306,0.0
Precipitation_Flux,Maize,307,0.0
Precipitation_Flux,Maize,308,0.0
Precipitation_Flux,Maize,309,0.0
Precipitation_Flux,Maize,310,0.0
Precipitation_Flux,Maize,311,0.0
Precipitation_Flux,Maize,312,0.0
Precipitation_Flux,Maize,313,0.0
Precipitation_Flux,Maize,314,0.0
Precipitation_Flux,Maize,315,0.0
Precipitation_Flux,Maize,316,0.0
Precipitation_Flux,Maize,317,0.0
Precipitation_Flux,Maize,318,0.0
Precipitation_Flux,Maize,319,0.0
Precipitation_Flux,Maize,320,0.0
Precipitation_Flux,Maize,321,0.0
Precipitation_Flux,Maize,322,0.0
Precipitation_Flux,Maize,323,0.0
Precipitation_Flux,Maize,324,0.0
Precipitation_Flux,Maize,325,0.0
Precipitation_Flux,Maize,326,0.0
Precipitation_Flux,Maize,327,0.0
Precipitation_Flux,Maize,328,0.0
Precipitation_Flux,Maize,329,0.0
Precipitation_Flux,Maize,330,0.0
Precipitation_Flux,Maize,331,0.0
Precipitation_Flux,Maize,332,0.0
Precipitation_Flux,Maize,333,0.0
Precipitation_Flux,Maize,334,0.0
Precipitation_Flux,Maize,335,0.0
Precipitation_Flux,Maize,336,0.0
Precipitation_Flux,Maize,337,0.0
Precipitation_Flux,Maize,338,0.0
Precipitation_Flux,Maize,339,0.0
Precipitation_Flux,Maize,340,0.0
Precipitation_Flux,Maize,341,0.0
Precipitation_Flux,Maize,342,0.0
Precipitation_Flux,Maize,343,0.0
Precipitation_Flux,Maize,344,0.0
Precipitation_Flux,Maize,345,0.0
Precipitation_Flux,Maize,346,0.0
Precipitation_Flux,Maize,347,0.0
Precipitation_Flux,Maize,348,0.0
Precipitation_Flux,Maize,349,0.0
Precipitation_Flux,Maize,350,0.0
Precipitation_Flux,Maize,351,0.0
Precipitation_Flux,Maize,352,0.0
Precipitation_Flux,Maize,353,0.0
Precipitation_Flux,Maize,354,0.0
Precipitation_Flux,Maize,355,0.0
Precipitation_Flux,Maize,356,0.0
Precipitation_Flux,Maize,357,0.0
Precipitation_Flux,Maize,358,0.0
Precipitation_Flux,Maize,359,0.0
Precipitation_Flux,Maize,360,0.0
Precipitation_Flux,Maize,361,0.0
Precipitation_Flux,Maize,362,0.0
Precipitation_Flux,Maize,363,0.0
Precipitation_Flux,Maize,364,0.0
Precipitation_Flux,Maize,365,0.0
Precipitation_Flux,Rice,1,0.0
Precipitation_Flux,Rice,2,0.0
Precipitation_Flux,Rice,3,0.0
Precipitation_Flux,Rice,4,0.0
Precipitation_Flux,Rice,5,0.0
Precipitation_Flux,Rice,6,0.0
Precipitation_Flux,Rice,7,0.0
Precipitation_Flux,Rice,8,0.0
Precipitation_Flux,Rice,9,0.0
Precipitation_Flux,Rice,10,0.0
Precipitation_Flux,Rice,11,0.0
Precipitation_Flux,Rice,12,0.0
Precipitation_Flux,Rice,13,0.0
Precipitation_Flux,Rice,14,0.0
Precipitation_Flux,Rice,15,0.0
Precipitation_Flux,Rice,16,0.0
Precipitation_Flux,Rice,17,0.0
Precipitation_Flux,Rice,18,0.0
Precipitation_Flux,Rice,19,0.0
Precipitation_Flux,Rice,20,0.0
Precipitation_Flux,Rice,21,0.0
Precipitation_Flux,Rice,22,0.0
Precipitation_Flux,Rice,23,0.0
Precipitation_Flux,Rice,24,0.0
Precipitation_Flux,Rice,25,0.0
Precipitation_Flux,Rice,26,0.0
Precipitation_Flux,Rice,27,0.0
Precipitation_Flux,Rice,28,0.0
Precipitation_Flux,Rice,29,0.0
Precipitation_Flux,Rice,30,0.0
Precipitation_Flux,Rice,31,0.0
Precipitation_Flux,Rice,32,0.0
Precipitation_Flux,Rice,33,0.0
Precipitation_Flux,Rice,34,0.0
Precipitation_Flux,Rice,35,0.0
Precipitation_Flux,Rice,36,0.0
Precipitation_Flux,Rice,37,0.0
Precipitation_Flux,Rice,38,0.0
Precipitation_Flux,Rice,39,0.0
Precipitation_Flux,Rice,40,0.0
Precipitation_Flux,Rice,41,0.0
Precipitation_Flux,Rice,42,0.0
Precipitation_Flux,Rice,43,0.0
Precipitation_Flux,Rice,44,0.0
Precipitation_Flux,Rice,45,0.0
Precipitation_Flux,Rice,46,0.0
Precipitation_Flux,Rice,47,0.0
Precipitation_Flux,Rice,48,0.0
Precipitation_Flux,Rice,49,0.0
Precipitation_Flux,Rice,50,0.0
Precipitation_Flux,Rice,51,0.0
Precipitation_Flux,Rice,52,0.0
Precipitation_Flux,Rice,53,0.0
Precipitation_Flux,Rice,54,0.0
Precipitation_Flux,Rice,55,0.0
Precipitation_Flux,Rice,56,0.0
Precipitation_Flux,Rice,57,0.0
Precipitation_Flux,Rice,58,0.0
Precipitation_Flux,Rice,59,0.0
Precipitation_Flux,Rice,60,0.0
Precipitation_Flux,Rice,61,0.0
Precipitation_Flux,Rice,62,0.0
Precipitation_Flux,Rice,63,0.0
Precipitation_Flux,Rice,64,0.0
Precipitation_Flux,Rice,65,0.0
Precipitation_Flux,Rice,66,0.0
Precipitation_Flux,Rice,67,0.0
Precipitation_Flux,Rice,68,0.0
Precipitation_Flux,Rice,69,0.0
Precipitation_Flux,Rice,70,0.0
Precipitation_Flux,Rice,71,0.0
Precipitation_Flux,Rice,72,0.0
Precipitation_Flux,Rice,73,0.0
Precipitation_Flux,Rice,74,0.0
Precipitation_Flux,Rice,75,0.0
Precipitation_Flux,Rice,76,0.0
Precipitation_Flux,Rice,77,0.0
Precipitation_Flux,Rice,78,0.0
Precipitation_Flux,Rice,79,0.0
Precipitation_Flux,Rice,80,0.0
Precipitation_Flux,Rice,81,0.0
Precipitation_Flux,Rice,82,0.0
Precipitation_Flux,Rice,83,0.0
Precipitation_Flux,Rice,84,0.0
Precipitation_Flux,Rice,85,0.0
Precipitation_Flux,Rice,86,0.0
Precipitation_Flux,Rice,87,0.0
Precipitation_Flux,Rice,88,0.0
Precipitation_Flux,Rice,89,0.0
Precipitation_Flux,Rice,90,0.0
Precipitation_Flux,Rice,91,2.9506237506866455
Precipitation_Flux,Rice,92,5.093166351318359
Precipitation_Flux,Rice,93,6.540093421936035
Precipitation_Flux,Rice,94,7.553893089294434
Precipitation_Flux,Rice,95,5.960972785949707
Precipitation_Flux,Rice,96,6.0096821784973145
Precipitation_Flux,Rice,97,5.01254415512085
Precipitation_Flux,Rice,98,5.170201301574707
Precipitation_Flux,Rice,99,2.9402594566345215
Precipitation_Flux,Rice,100,4.328371524810791
Precipitation_Flux,Rice,101,6.8044114112854
Precipitation_Flux,Rice,102,6.406683444976807
Precipitation_Flux,Rice,103,8.016989707946777
Precipitation_Flux,Rice,104,8.070038795471191
Precipitation_Flux,Rice,105,3.3985226154327393
Precipitation_Flux,Rice,106,3.2513673305511475
Precipitation_Flux,Rice,107,3.2726786136627197
Precipitation_Flux,Rice,108,5.246937274932861
Precipitation_Flux,Rice,109,4.74021577835083
Precipitation_Flux,Rice,110,5.611618518829346
Precipitation_Flux,Rice,111,4.430385112762451
Precipitation_Flux,Rice,112,5.826809406280518
Precipitation_Flux,Rice,113,5.775797367095947
Precipitation_Flux,Rice,114,4.492371082305908
Precipitation_Flux,Rice,115,4.984582424163818
Precipitation_Flux,Rice,116,6.012358665466309
Precipitation_Flux,Rice,117,7.732668876647949
Precipitation_Flux,Rice,118,5.289750099182129
Precipitation_Flux,Rice,119,5.000865459442139
Precipitation_Flux,Rice,120,6.640745639801025
Precipitation_Flux,Rice,121,5.077277660369873
Precipitation_Flux,Rice,122,7.013111591339111
Precipitation_Flux,Rice,123,7.455730438232422
Precipitation_Flux,Rice,124,5.879031658172607
Precipitation_Flux,Rice,125,4.481836318969727
Precipitation_Flux,Rice,126,3.292715549468994
Precipitation_Flux,Rice,127,3.6027450561523438
Precipitation_Flux,Rice,128,5.256396293640137
Precipitation_Flux,Rice,129,5.047604560852051
Precipitation_Flux,Rice,130,5.4299821853637695
Precipitation_Flux,Rice,131,3.8292078971862793
Precipitation_Flux,Rice,132,4.42983865737915
Precipitation_Flux,Rice,133,4.19838285446167
Precipitation_Flux,Rice,134,4.430651664733887
Precipitation_Flux,Rice,135,5.102595329284668
Precipitation_Flux,Rice,136,5.141682147979736
Precipitation_Flux,Rice,137,6.403761386871338
Precipitation_Flux,Rice,138,6.888449668884277
Precipitation_Flux,Rice,139,3.2869162559509277
Precipitation_Flux,Rice,140,5.88640022277832
Precipitation_Flux,Rice,141,6.182258605957031
Precipitation_Flux,Rice,142,3.4836299419403076
Precipitation_Flux,Rice,143,3.199418544769287
Precipitation_Flux,Rice,144,4.443603038787842
Precipitation_Flux,Rice,145,4.418941974639893
Precipitation_Flux,Rice,146,3.3919808864593506
Precipitation_Flux,Rice,147,3.2753207683563232
Precipitation_Flux,Rice,148,4.729969501495361
Precipitation_Flux,Rice,149,4.257628917694092
Precipitation_Flux,Rice,150,4.541653156280518
Precipitation_Flux,Rice,151,4.2553887367248535
Precipitation_Flux,Rice,152,2.957026243209839
Precipitation_Flux,Rice,153,3.4248552322387695
Precipitation_Flux,Rice,154,4.1234283447265625
Precipitation_Flux,Rice,155,4.629454612731934
Precipitation_Flux,Rice,156,5.3824782371521
Precipitation_Flux,Rice,157,4.145420551300049
Precipitation_Flux,Rice,158,3.3372015953063965
Precipitation_Flux,Rice,159,3.7242414951324463
Precipitation_Flux,Rice,160,4.52774715423584
Precipitation_Flux,Rice,161,3.6543691158294678
Precipitation_Flux,Rice,162,4.601879596710205
Precipitation_Flux,Rice,163,3.6251912117004395
Precipitation_Flux,Rice,164,3.3105108737945557
Precipitation_Flux,Rice,165,3.783644676208496
Precipitation_Flux,Rice,166,2.973721504211426
Precipitation_Flux,Rice,167,3.792426586151123
Precipitation_Flux,Rice,168,3.7527124881744385
Precipitation_Flux,Rice,169,3.6191179752349854
Precipitation_Flux,Rice,170,3.251246690750122
Precipitation_Flux,Rice,171,3.2679343223571777
Precipitation_Flux,Rice,172,3.797858476638794
Precipitation_Flux,Rice,173,3.37288236618042
Precipitation_Flux,Rice,174,4.057950496673584
Precipitation_Flux,Rice,175,4.416217803955078
Precipitation_Flux,Rice,176,4.277264595031738
Precipitation_Flux,Rice,177,4.943020820617676
Precipitation_Flux,Rice,178,4.025675296783447
Precipitation_Flux,Rice,179,4.437103271484375
Precipitation_Flux,Rice,180,3.741732597351074
Precipitation_Flux,Rice,181,4.280310153961182
Precipitation_Flux,Rice,182,4.60281229019165
Precipitation_Flux,Rice,183,3.0762643814086914
Precipitation_Flux,Rice,184,3.2736611366271973
Precipitation_Flux,Rice,185,3.189307928085327
Precipitation_Flux,Rice,186,4.527166843414307
Precipitation_Flux,Rice,187,3.4203906059265137
Precipitation_Flux,Rice,188,2.5446274280548096
Precipitation_Flux,Rice,189,2.5961763858795166
Precipitation_Flux,Rice,190,2.7063918113708496
Precipitation_Flux,Rice,191,2.926711082458496
Precipitation_Flux,Rice,192,3.3185040950775146
Precipitation_Flux,Rice,193,3.166306257247925
Precipitation_Flux,Rice,194,3.774526357650757
Precipitation_Flux,Rice,195,3.7357678413391113
Precipitation_Flux,Rice,196,4.418354511260986
Precipitation_Flux,Rice,197,3.385324478149414
Precipitation_Flux,Rice,198,2.6618568897247314
Precipitation_Flux,Rice,199,3.04654860496521
Precipitation_Flux,Rice,200,2.054269552230835
Precipitation_Flux,Rice,201,2.006833553314209
Precipitation_Flux,Rice,202,2.629901885986328
Precipitation_Flux,Rice,203,3.371591567993164
Precipitation_Flux,Rice,204,2.8615992069244385
Precipitation_Flux,Rice,205,2.561481475830078
Precipitation_Flux,Rice,206,2.793278932571411
Precipitation_Flux,Rice,207,3.5532023906707764
Precipitation_Flux,Rice,208,2.493222713470459
Precipitation_Flux,Rice,209,3.877457618713379
Precipitation_Flux,Rice,210,2.8227765560150146
Precipitation_Flux,Rice,211,3.3325743675231934
Precipitation_Flux,Rice,212,3.209791421890259
Precipitation_Flux,Rice,213,4.359553813934326
Precipitation_Flux,Rice,214,0.0
Precipitation_Flux,Rice,215,0.0
Precipitation_Flux,Rice,216,0.0
Precipitation_Flux,Rice,217,0.0
Precipitation_Flux,Rice,218,0.0
Precipitation_Flux,Rice,219,0.0
Precipitation_Flux,Rice,220,0.0
Precipitation_Flux,Rice,221,0.0
Precipitation_Flux,Rice,222,0.0
Precipitation_Flux,Rice,223,0.0
Precipitation_Flux,Rice,224,0.0
Precipitation_Flux,Rice,225,0.0
Precipitation_Flux,Rice,226,0.0
Precipitation_Flux,Rice,227,0.0
Precipitation_Flux,Rice,228,0.0
Precipitation_Flux,Rice,229,0.0
Precipitation_Flux,Rice,230,0.0
Precipitation_Flux,Rice,231,0.0
Precipitation_Flux,Rice,232,0.0
Precipitation_Flux,Rice,233,0.0
Precipitation_Flux,Rice,234,0.0
Precipitation_Flux,Rice,235,0.0
Precipitation_Flux,Rice,236,0.0
Precipitation_Flux,Rice,237,0.0
Precipitation_Flux,Rice,238,0.0
Precipitation_Flux,Rice,239,0.0
Precipitation_Flux,Rice,240,0.0
Precipitation_Flux,Rice,241,0.0
Precipitation_Flux,Rice,242,0.0
Precipitation_Flux,Rice,243,0.0
Precipitation_Flux,Rice,244,0.0
Precipitation_Flux,Rice,245,0.0
Precipitation_Flux,Rice,246,0.0
Precipitation_Flux,Rice,247,0.0
Precipitation_Flux,Rice,248,0.0
Precipitation_Flux,Rice,249,0.0
Precipitation_Flux,Rice,250,0.0
Precipitation_Flux,Rice,251,0.0
Precipitation_Flux,Rice,252,0.0
Precipitation_Flux,Rice,253,0.0
Precipitation_Flux,Rice,254,0.0
Precipitation_Flux,Rice,255,0.0
Precipitation_Flux,Rice,256,0.0
Precipitation_Flux,Rice,257,0.0
Precipitation_Flux,Rice,258,0.0
Precipitation_Flux,Rice,259,0.0
Precipitation_Flux,Rice,260,0.0
Precipitation_Flux,Rice,261,0.0
Precipitation_Flux,Rice,262,0.0
Precipitation_Flux,Rice,263,0.0
Precipitation_Flux,Rice,264,0.0
Precipitation_Flux,Rice,265,0.0
Precipitation_Flux,Rice,266,0.0
Precipitation_Flux,Rice,267,0.0
Precipitation_Flux,Rice,268,0.0
Precipitation_Flux,Rice,269,0.0
Precipitation_Flux,Rice,270,0.0
Precipitation_Flux,Rice,271,0.0
Precipitation_Flux,Rice,272,0.0
Precipitation_Flux,Rice,273,0.0
Precipitation_Flux,Rice,274,0.0
Precipitation_Flux,Rice,275,0.0
Precipitation_Flux,Rice,276,0.0
Precipitation_Flux,Rice,277,0.0
Precipitation_Flux,Rice,278,0.0
Precipitation_Flux,Rice,279,0.0
Precipitation_Flux,Rice,280,0.0
Precipitation_Flux,Rice,281,0.0
Precipitation_Flux,Rice,282,0.0
Precipitation_Flux,Rice,283,0.0
Precipitation_Flux,Rice,284,0.0
Precipitation_Flux,Rice,285,0.0
Precipitation_Flux,Rice,286,0.0
Precipitation_Flux,Rice,287,0.0
Precipitation_Flux,Rice,288,0.0
Precipitation_Flux,Rice,289,0.0
Precipitation_Flux,Rice,290,0.0
Precipitation_Flux,Rice,291,0.0
Precipitation_Flux,Rice,292,0.0
Precipitation_Flux,Rice,293,0.0
Precipitation_Flux,Rice,294,0.0
Precipitation_Flux,Rice,295,0.0
Precipitation_Flux,Rice,296,0.0
Precipitation_Flux,Rice,297,0.0
Precipitation_Flux,Rice,298,0.0
Precipitation_Flux,Rice,299,0.0
Precipitation_Flux,Rice,300,0.0
Precipitation_Flux,Rice,301,0.0
Precipitation_Flux,Rice,302,0.0
Precipitation_Flux,Rice,303,0.0
Precipitation_Flux,Rice,304,0.0
Precipitation_Flux,Rice,305,0.0
Precipitation_Flux,Rice,306,0.0
Precipitation_Flux,Rice,307,0.0
Precipitation_Flux,Rice,308,0.0
Precipitation_Flux,Rice,309,0.0
Precipitation_Flux,Rice,310,0.0
Precipitation_Flux,Rice,311,0.0
Precipitation_Flux,Rice,312,0.0
Precipitation_Flux,Rice,313,0.0
Precipitation_Flux,Rice,314,0.0
Precipitation_Flux,Rice,315,0.0
Precipitation_Flux,Rice,316,0.0
Precipitation_Flux,Rice,317,0.0
Precipitation_Flux,Rice,318,0.0
Precipitation_Flux,Rice,319,0.0
Precipitation_Flux,Rice,320,0.0
Precipitation_Flux,Rice,321,0.0
Precipitation_Flux,Rice,322,0.0
Precipitation_Flux,Rice,323,0.0
Precipitation_Flux,Rice,324,0.0
Precipitation_Flux,Rice,325,0.0
Precipitation_Flux,Rice,326,0.0
Precipitation_Flux,Rice,327,0.0
Precipitation_Flux,Rice,328,0.0
Precipitation_Flux,Rice,329,0.0
Precipitation_Flux,Rice,330,0.0
Precipitation_Flux,Rice,331,0.0
Precipitation_Flux,Rice,332,0.0
Precipitation_Flux,Rice,333,0.0
Precipitation_Flux,Rice,334,0.0
Precipitation_Flux,Rice,335,0.0
Precipitation_Flux,Rice,336,0.0
Precipitation_Flux,Rice,337,0.0
Precipitation_Flux,Rice,338,0.0
Precipitation_Flux,Rice,339,0.0
Precipitation_Flux,Rice,340,0.0
Precipitation_Flux,Rice,341,0.0
Precipitation_Flux,Rice,342,0.0
Precipitation_Flux,Rice,343,0.0
Precipitation_Flux,Rice,344,0.0
Precipitation_Flux,Rice,345,0.0
Precipitation_Flux,Rice,346,0.0
Precipitation_Flux,Rice,347,0.0
Precipitation_Flux,Rice,348,0.0
Precipitation_Flux,Rice,349,0.0
Precipitation_Flux,Rice,350,0.0
Precipitation_Flux,Rice,351,0.0
Precipitation_Flux,Rice,352,0.0
Precipitation_Flux,Rice,353,0.0
Precipitation_Flux,Rice,354,0.0
Precipitation_Flux,Rice,355,0.0
Precipitation_Flux,Rice,356,0.0
Precipitation_Flux,Rice,357,0.0
Precipitation_Flux,Rice,358,0.0
Precipitation_Flux,Rice,359,0.0
Precipitation_Flux,Rice,360,0.0
Precipitation_Flux,Rice,361,0.0
Precipitation_Flux,Rice,362,0.0
Precipitation_Flux,Rice,363,0.0
Precipitation_Flux,Rice,364,0.0
Precipitation_Flux,Rice,365,0.0
Precipitation_Flux,Soybean,1,0.0
Precipitation_Flux,Soybean,2,0.0
Precipitation_Flux,Soybean,3,0.0
Precipitation_Flux,Soybean,4,0.0
Precipitation_Flux,Soybean,5,0.0
Precipitation_Flux,Soybean,6,0.0
Precipitation_Flux,Soybean,7,0.0
Precipitation_Flux,Soybean,8,0.0
Precipitation_Flux,Soybean,9,0.0
Precipitation_Flux,Soybean,10,0.0
Precipitation_Flux,Soybean,11,0.0
Precipitation_Flux,Soybean,12,0.0
Precipitation_Flux,Soybean,13,0.0
Precipitation_Flux,Soybean,14,0.0
Precipitation_Flux,Soybean,15,0.0
Precipitation_Flux,Soybean,16,0.0
Precipitation_Flux,Soybean,17,0.0
Precipitation_Flux,Soybean,18,0.0
Precipitation_Flux,Soybean,19,0.0
Precipitation_Flux,Soybean,20,0.0
Precipitation_Flux,Soybean,21,0.0
Precipitation_Flux,Soybean,22,0.0
Precipitation_Flux,Soybean,23,0.0
Precipitation_Flux,Soybean,24,0.0
Precipitation_Flux,Soybean,25,0.0
Precipitation_Flux,Soybean,26,0.0
Precipitation_Flux,Soybean,27,0.0
Precipitation_Flux,Soybean,28,0.0
Precipitation_Flux,Soybean,29,0.0
Precipitation_Flux,Soybean,30,0.0
Precipitation_Flux,Soybean,31,0.0
Precipitation_Flux,Soybean,32,0.0
Precipitation_Flux,Soybean,33,0.0
Precipitation_Flux,Soybean,34,0.0
Precipitation_Flux,Soybean,35,0.0
Precipitation_Flux,Soybean,36,0.0
Precipitation_Flux,Soybean,37,0.0
Precipitation_Flux,Soybean,38,0.0
Precipitation_Flux,Soybean,39,0.0
Precipitation_Flux,Soybean,40,0.0
Precipitation_Flux,Soybean,41,0.0
Precipitation_Flux,Soybean,42,0.0
Precipitation_Flux,Soybean,43,0.0
Precipitation_Flux,Soybean,44,0.0
Precipitation_Flux,Soybean,45,0.0
Precipitation_Flux,Soybean,46,0.0
Precipitation_Flux,Soybean,47,0.0
Precipitation_Flux,Soybean,48,0.0
Precipitation_Flux,Soybean,49,0.0
Precipitation_Flux,Soybean,50,0.0
Precipitation_Flux,Soybean,51,0.0
Precipitation_Flux,Soybean,52,0.0
Precipitation_Flux,Soybean,53,0.0
Precipitation_Flux,Soybean,54,0.0
Precipitation_Flux,Soybean,55,0.0
Precipitation_Flux,Soybean,56,0.0
Precipitation_Flux,Soybean,57,0.0
Precipitation_Flux,Soybean,58,0.0
Precipitation_Flux,Soybean,59,0.0
Precipitation_Flux,Soybean,60,0.0
Precipitation_Flux,Soybean,61,0.0
Precipitation_Flux,Soybean,62,0.0
Precipitation_Flux,Soybean,63,0.0
Precipitation_Flux,Soybean,64,0.0
Precipitation_Flux,Soybean,65,0.0
Precipitation_Flux,Soybean,66,0.0
Precipitation_Flux,Soybean,67,0.0
Precipitation_Flux,Soybean,68,0.0
Precipitation_Flux,Soybean,69,0.0
Precipitation_Flux,Soybean,70,0.0
Precipitation_Flux,Soybean,71,0.0
Precipitation_Flux,Soybean,72,0.0
Precipitation_Flux,Soybean,73,0.0
Precipitation_Flux,Soybean,74,0.0
Precipitation_Flux,Soybean,75,0.0
Precipitation_Flux,Soybean,76,0.0
Precipitation_Flux,Soybean,77,0.0
Precipitation_Flux,Soybean,78,0.0
Precipitation_Flux,Soybean,79,0.0
Precipitation_Flux,Soybean,80,0.0
Precipitation_Flux,Soybean,81,0.0
Precipitation_Flux,Soybean,82,0.0
Precipitation_Flux,Soybean,83,0.0
Precipitation_Flux,Soybean,84,0.0
Precipitation_Flux,Soybean,85,0.0
Precipitation_Flux,Soybean,86,0.0
Precipitation_Flux,Soybean,87,0.0
Precipitation_Flux,Soybean,88,0.0
Precipitation_Flux,Soybean,89,0.0
Precipitation_Flux,Soybean,90,0.0
Precipitation_Flux,Soybean,91,0.0
Precipitation_Flux,Soybean,92,0.0
Precipitation_Flux,Soybean,93,0.0
Precipitation_Flux,Soybean,94,0.0
Precipitation_Flux,Soybean,95,0.0
Precipitation_Flux,Soybean,96,0.0
Precipitation_Flux,Soybean,97,0.0
Precipitation_Flux,Soybean,98,0.0
Precipitation_Flux,Soybean,99,0.0
Precipitation_Flux,Soybean,100,0.0
Precipitation_Flux,Soybean,101,0.0
Precipitation_Flux,Soybean,102,0.0
Precipitation_Flux,Soybean,103,0.0
Precipitation_Flux,Soybean,104,0.0
Precipitation_Flux,Soybean,105,0.0
Precipitation_Flux,Soybean,106,0.0
Precipitation_Flux,Soybean,107,0.0
Precipitation_Flux,Soybean,108,0.0
Precipitation_Flux,Soybean,109,0.0
Precipitation_Flux,Soybean,110,0.0
Precipitation_Flux,Soybean,111,0.0
Precipitation_Flux,Soybean,112,0.0
Precipitation_Flux,Soybean,113,0.0
Precipitation_Flux,Soybean,114,0.0
Precipitation_Flux,Soybean,115,0.0
Precipitation_Flux,Soybean,116,0.0
Precipitation_Flux,Soybean,117,0.0
Precipitation_Flux,Soybean,118,0.0
Precipitation_Flux,Soybean,119,0.0
Precipitation_Flux,Soybean,120,0.0
Precipitation_Flux,Soybean,121,4.9877543449401855
Precipitation_Flux,Soybean,122,4.866480350494385
Precipitation_Flux,Soybean,123,5.6887383460998535
Precipitation_Flux,Soybean,124,5.294116973876953
Precipitation_Flux,Soybean,125,4.488158226013184
Precipitation_Flux,Soybean,126,3.7757925987243652
Precipitation_Flux,Soybean,127,4.6235432624816895
Precipitation_Flux,Soybean,128,5.015841960906982
Precipitation_Flux,Soybean,129,5.239661693572998
Precipitation_Flux,Soybean,130,4.931024074554443
Precipitation_Flux,Soybean,131,4.630653381347656
Precipitation_Flux,Soybean,132,4.853518009185791
Precipitation_Flux,Soybean,133,4.702057361602783
Precipitation_Flux,Soybean,134,4.389025688171387
Precipitation_Flux,Soybean,135,4.3312811851501465
Precipitation_Flux,Soybean,136,4.582536697387695
Precipitation_Flux,Soybean,137,5.264327049255371
Precipitation_Flux,Soybean,138,6.086407661437988
Precipitation_Flux,Soybean,139,5.201194763183594
Precipitation_Flux,Soybean,140,4.634106636047363
Precipitation_Flux,Soybean,141,4.552613735198975
Precipitation_Flux,Soybean,142,3.9812278747558594
Precipitation_Flux,Soybean,143,4.408654689788818
Precipitation_Flux,Soybean,144,4.872158050537109
Precipitation_Flux,Soybean,145,5.215742111206055
Precipitation_Flux,Soybean,146,5.043817043304443
Precipitation_Flux,Soybean,147,4.971468448638916
Precipitation_Flux,Soybean,148,4.60179328918457
Precipitation_Flux,Soybean,149,4.158777713775635
Precipitation_Flux,Soybean,150,4.677545070648193
Precipitation_Flux,Soybean,151,4.485304832458496
Precipitation_Flux,Soybean,152,4.2023820877075195
Precipitation_Flux,Soybean,153,4.543735980987549
Precipitation_Flux,Soybean,154,4.007808685302734
Precipitation_Flux,Soybean,155,4.599004745483398
Precipitation_Flux,Soybean,156,4.81480073928833
Precipitation_Flux,Soybean,157,4.735753059387207
Precipitation_Flux,Soybean,158,4.280208587646484
Precipitation_Flux,Soybean,159,4.605294227600098
Precipitation_Flux,Soybean,160,4.473067760467529
Precipitation_Flux,Soybean,161,5.1280837059021
Precipitation_Flux,Soybean,162,5.362040996551514
Precipitation_Flux,Soybean,163,4.745882511138916
Precipitation_Flux,Soybean,164,4.6537861824035645
Precipitation_Flux,Soybean,165,4.676936626434326
Precipitation_Flux,Soybean,166,4.667842388153076
Precipitation_Flux,Soybean,167,4.206162929534912
Precipitation_Flux,Soybean,168,4.372943878173828
Precipitation_Flux,Soybean,169,4.460171222686768
Precipitation_Flux,Soybean,170,4.331620693206787
Precipitation_Flux,Soybean,171,4.166723728179932
Precipitation_Flux,Soybean,172,4.5457963943481445
Precipitation_Flux,Soybean,173,4.511163711547852
Precipitation_Flux,Soybean,174,4.2003560066223145
Precipitation_Flux,Soybean,175,4.139706134796143
Precipitation_Flux,Soybean,176,4.234559059143066
Precipitation_Flux,Soybean,177,4.600188732147217
Precipitation_Flux,Soybean,178,4.531709671020508
Precipitation_Flux,Soybean,179,4.521550178527832
Precipitation_Flux,Soybean,180,3.907597303390503
Precipitation_Flux,Soybean,181,3.976824998855591
Precipitation_Flux,Soybean,182,4.577131748199463
Precipitation_Flux,Soybean,183,3.6331522464752197
Precipitation_Flux,Soybean,184,3.732527732849121
Precipitation_Flux,Soybean,185,4.531460762023926
Precipitation_Flux,Soybean,186,4.4140400886535645
Precipitation_Flux,Soybean,187,3.930744171142578
Precipitation_Flux,Soybean,188,3.6823995113372803
Precipitation_Flux,Soybean,189,3.714554786682129
Precipitation_Flux,Soybean,190,3.468916416168213
Precipitation_Flux,Soybean,191,3.985717296600342
Precipitation_Flux,Soybean,192,4.549729824066162
Precipitation_Flux,Soybean,193,4.274032115936279
Precipitation_Flux,Soybean,194,4.15180778503418
Precipitation_Flux,Soybean,195,3.8481669425964355
Precipitation_Flux,Soybean,196,3.8159139156341553
Precipitation_Flux,Soybean,197,3.5451905727386475
Precipitation_Flux,Soybean,198,3.3943042755126953
Precipitation_Flux,Soybean,199,3.6941401958465576
Precipitation_Flux,Soybean,200,3.814542293548584
Precipitation_Flux,Soybean,201,3.527866840362549
Precipitation_Flux,Soybean,202,3.784095287322998
Precipitation_Flux,Soybean,203,4.288051128387451
Precipitation_Flux,Soybean,204,3.5958051681518555
Precipitation_Flux,Soybean,205,3.3024659156799316
Precipitation_Flux,Soybean,206,3.644343614578247
Precipitation_Flux,Soybean,207,3.800330877304077
Precipitation_Flux,Soybean,208,4.178765773773193
Precipitation_Flux,Soybean,209,3.8941962718963623
Precipitation_Flux,Soybean,210,3.5965263843536377
Precipitation_Flux,Soybean,211,3.8031411170959473
Precipitation_Flux,Soybean,212,4.001626014709473
Precipitation_Flux,Soybean,213,3.3380014896392822
Precipitation_Flux,Soybean,214,3.0175507068634033
Precipitation_Flux,Soybean,215,3.1611368656158447
Precipitation_Flux,Soybean,216,3.713522434234619
Precipitation_Flux,Soybean,217,4.211840629577637
Precipitation_Flux,Soybean,218,4.132363319396973
Precipitation_Flux,Soybean,219,4.109418869018555
Precipitation_Flux,Soybean,220,3.750635862350464
Precipitation_Flux,Soybean,221,3.866232395172119
Precipitation_Flux,Soybean,222,3.547192335128784
Precipitation_Flux,Soybean,223,3.500412702560425
Precipitation_Flux,Soybean,224,4.041876316070557
Precipitation_Flux,Soybean,225,3.995124101638794
Precipitation_Flux,Soybean,226,3.9370670318603516
Precipitation_Flux,Soybean,227,3.4664909839630127
Precipitation_Flux,Soybean,228,4.105467319488525
Precipitation_Flux,Soybean,229,3.9703733921051025
Precipitation_Flux,Soybean,230,3.814988851547241
Precipitation_Flux,Soybean,231,3.8810739517211914
Precipitation_Flux,Soybean,232,4.076855182647705
Precipitation_Flux,Soybean,233,3.7413785457611084
Precipitation_Flux,Soybean,234,3.3104701042175293
Precipitation_Flux,Soybean,235,3.2645485401153564
Precipitation_Flux,Soybean,236,3.793473720550537
Precipitation_Flux,Soybean,237,3.322404146194458
Precipitation_Flux,Soybean,238,3.856170892715454
Precipitation_Flux,Soybean,239,3.6371021270751953
Precipitation_Flux,Soybean,240,4.173713207244873
Precipitation_Flux,Soybean,241,3.7739381790161133
Precipitation_Flux,Soybean,242,4.2539777755737305
Precipitation_Flux,Soybean,243,4.0544657707214355
Precipitation_Flux,Soybean,244,3.101628303527832
Precipitation_Flux,Soybean,245,0.0
Precipitation_Flux,Soybean,246,0.0
Precipitation_Flux,Soybean,247,0.0
Precipitation_Flux,Soybean,248,0.0
Precipitation_Flux,Soybean,249,0.0
Precipitation_Flux,Soybean,250,0.0
Precipitation_Flux,Soybean,251,0.0
Precipitation_Flux,Soybean,252,0.0
Precipitation_Flux,Soybean,253,0.0
Precipitation_Flux,Soybean,254,0.0
Precipitation_Flux,Soybean,255,0.0
Precipitation_Flux,Soybean,256,0.0
Precipitation_Flux,Soybean,257,0.0
Precipitation_Flux,Soybean,258,0.0
Precipitation_Flux,Soybean,259,0.0
Precipitation_Flux,Soybean,260,0.0
Precipitation_Flux,Soybean,261,0.0
Precipitation_Flux,Soybean,262,0.0
Precipitation_Flux,Soybean,263,0.0
Precipitation_Flux,Soybean,264,0.0
Precipitation_Flux,Soybean,265,0.0
Precipitation_Flux,Soybean,266,0.0
Precipitation_Flux,Soybean,267,0.0
Precipitation_Flux,Soybean,268,0.0
Precipitation_Flux,Soybean,269,0.0
Precipitation_Flux,Soybean,270,0.0
Precipitation_Flux,Soybean,271,0.0
Precipitation_Flux,Soybean,272,0.0
Precipitation_Flux,Soybean,273,0.0
Precipitation_Flux,Soybean,274,0.0
Precipitation_Flux,Soybean,275,0.0
Precipitation_Flux,Soybean,276,0.0
Precipitation_Flux,Soybean,277,0.0
Precipitation_Flux,Soybean,278,0.0
Precipitation_Flux,Soybean,279,0.0
Precipitation_Flux,Soybean,280,0.0
Precipitation_Flux,Soybean,281,0.0
Precipitation_Flux,Soybean,282,0.0
Precipitation_Flux,Soybean,283,0.0
Precipitation_Flux,Soybean,284,0.0
Precipitation_Flux,Soybean,285,0.0
Precipitation_Flux,Soybean,286,0.0
Precipitation_Flux,Soybean,287,0.0
Precipitation_Flux,Soybean,288,0.0
Precipitation_Flux,Soybean,289,0.0
Precipitation_Flux,Soybean,290,0.0
Precipitation_Flux,Soybean,291,0.0
Precipitation_Flux,Soybean,292,0.0
Precipitation_Flux,Soybean,293,0.0
Precipitation_Flux,Soybean,294,0.0
Precipitation_Flux,Soybean,295,0.0
Precipitation_Flux,Soybean,296,0.0
Precipitation_Flux,Soybean,297,0.0
Precipitation_Flux,Soybean,298,0.0
Precipitation_Flux,Soybean,299,0.0
Precipitation_Flux,Soybean,300,0.0
Precipitation_Flux,Soybean,301,0.0
Precipitation_Flux,Soybean,302,0.0
Precipitation_Flux,Soybean,303,0.0
Precipitation_Flux,Soybean,304,0.0
Precipitation_Flux,Soybean,305,0.0
Precipitation_Flux,Soybean,306,0.0
Precipitation_Flux,Soybean,307,0.0
Precipitation_Flux,Soybean,308,0.0
Precipitation_Flux,Soybean,309,0.0
Precipitation_Flux,Soybean,310,0.0
Precipitation_Flux,Soybean,311,0.0
Precipitation_Flux,Soybean,312,0.0
Precipitation_Flux,Soybean,313,0.0
Precipitation_Flux,Soybean,314,0.0
Precipitation_Flux,Soybean,315,0.0
Precipitation_Flux,Soybean,316,0.0
Precipitation_Flux,Soybean,317,0.0
Precipitation_Flux,Soybean,318,0.0
Precipitation_Flux,Soybean,319,0.0
Precipitation_Flux,Soybean,320,0.0
Precipitation_Flux,Soybean,321,0.0
Precipitation_Flux,Soybean,322,0.0
Precipitation_Flux,Soybean,323,0.0
Precipitation_Flux,Soybean,324,0.0
Precipitation_Flux,Soybean,325,0.0
Precipitation_Flux,Soybean,326,0.0
Precipitation_Flux,Soybean,327,0.0
Precipitation_Flux,Soybean,328,0.0
Precipitation_Flux,Soybean,329,0.0
Precipitation_Flux,Soybean,330,0.0
Precipitation_Flux,Soybean,331,0.0
Precipitation_Flux,Soybean,332,0.0
Precipitation_Flux,Soybean,333,0.0
Precipitation_Flux,Soybean,334,0.0
Precipitation_Flux,Soybean,335,0.0
Precipitation_Flux,Soybean,336,0.0
Precipitation_Flux,Soybean,337,0.0
Precipitation_Flux,Soybean,338,0.0
Precipitation_Flux,Soybean,339,0.0
Precipitation_Flux,Soybean,340,0.0
Precipitation_Flux,Soybean,341,0.0
Precipitation_Flux,Soybean,342,0.0
Precipitation_Flux,Soybean,343,0.0
Precipitation_Flux,Soybean,344,0.0
Precipitation_Flux,Soybean,345,0.0
Precipitation_Flux,Soybean,346,0.0
Precipitation_Flux,Soybean,347,0.0
Precipitation_Flux,Soybean,348,0.0
Precipitation_Flux,Soybean,349,0.0
Precipitation_Flux,Soybean,350,0.0
Precipitation_Flux,Soybean,351,0.0
Precipitation_Flux,Soybean,352,0.0
Precipitation_Flux,Soybean,353,0.0
Precipitation_Flux,Soybean,354,0.0
Precipitation_Flux,Soybean,355,0.0
Precipitation_Flux,Soybean,356,0.0
Precipitation_Flux,Soybean,357,0.0
Precipitation_Flux,Soybean,358,0.0
Precipitation_Flux,Soybean,359,0.0
Precipitation_Flux,Soybean,360,0.0
Precipitation_Flux,Soybean,361,0.0
Precipitation_Flux,Soybean,362,0.0
Precipitation_Flux,Soybean,363,0.0
Precipitation_Flux,Soybean,364,0.0
Precipitation_Flux,Soybean,365,0.0
Precipitation_Flux,Wheat,1,0.0
Precipitation_Flux,Wheat,2,0.0
Precipitation_Flux,Wheat,3,0.0
Precipitation_Flux,Wheat,4,0.0
Precipitation_Flux,Wheat,5,0.0
Precipitation_Flux,Wheat,6,0.0
Precipitation_Flux,Wheat,7,0.0
Precipitation_Flux,Wheat,8,0.0
Precipitation_Flux,Wheat,9,0.0
Precipitation_Flux,Wheat,10,0.0
Precipitation_Flux,Wheat,11,0.0
Precipitation_Flux,Wheat,12,0.0
Precipitation_Flux,Wheat,13,0.0
Precipitation_Flux,Wheat,14,0.0
Precipitation_Flux,Wheat,15,0.0
Precipitation_Flux,Wheat,16,0.0
Precipitation_Flux,Wheat,17,0.0
Precipitation_Flux,Wheat,18,0.0
Precipitation_Flux,Wheat,19,0.0
Precipitation_Flux,Wheat,20,0.0
Precipitation_Flux,Wheat,21,0.0
Precipitation_Flux,Wheat,22,0.0
Precipitation_Flux,Wheat,23,0.0
Precipitation_Flux,Wheat,24,0.0
Precipitation_Flux,Wheat,25,0.0
Precipitation_Flux,Wheat,26,0.0
Precipitation_Flux,Wheat,27,0.0
Precipitation_Flux,Wheat,28,0.0
Precipitation_Flux,Wheat,29,0.0
Precipitation_Flux,Wheat,30,0.0
Precipitation_Flux,Wheat,31,0.0
Precipitation_Flux,Wheat,32,0.0
Precipitation_Flux,Wheat,33,0.0
Precipitation_Flux,Wheat,34,0.0
Precipitation_Flux,Wheat,35,0.0
Precipitation_Flux,Wheat,36,0.0
Precipitation_Flux,Wheat,37,0.0
Precipitation_Flux,Wheat,38,0.0
Precipitation_Flux,Wheat,39,0.0
Precipitation_Flux,Wheat,40,0.0
Precipitation_Flux,Wheat,41,0.0
Precipitation_Flux,Wheat,42,0.0
Precipitation_Flux,Wheat,43,0.0
Precipitation_Flux,Wheat,44,0.0
Precipitation_Flux,Wheat,45,0.0
Precipitation_Flux,Wheat,46,0.0
Precipitation_Flux,Wheat,47,0.0
Precipitation_Flux,Wheat,48,0.0
Precipitation_Flux,Wheat,49,0.0
Precipitation_Flux,Wheat,50,0.0
Precipitation_Flux,Wheat,51,0.0
Precipitation_Flux,Wheat,52,0.0
Precipitation_Flux,Wheat,53,0.0
Precipitation_Flux,Wheat,54,0.0
Precipitation_Flux,Wheat,55,0.0
Precipitation_Flux,Wheat,56,0.0
Precipitation_Flux,Wheat,57,0.0
Precipitation_Flux,Wheat,58,0.0
Precipitation_Flux,Wheat,59,0.0
Precipitation_Flux,Wheat,60,3.9541282653808594
Precipitation_Flux,Wheat,61,3.2190065383911133
Precipitation_Flux,Wheat,62,3.5996298789978027
Precipitation_Flux,Wheat,63,4.359131336212158
Precipitation_Flux,Wheat,64,4.609976768493652
Precipitation_Flux,Wheat,65,3.36560320854187
Precipitation_Flux,Wheat,66,3.22552227973938
Precipitation_Flux,Wheat,67,3.8231029510498047
Precipitation_Flux,Wheat,68,4.146679401397705
Precipitation_Flux,Wheat,69,3.115718126296997
Precipitation_Flux,Wheat,70,3.4327471256256104
Precipitation_Flux,Wheat,71,3.7747442722320557
Precipitation_Flux,Wheat,72,4.475339412689209
Precipitation_Flux,Wheat,73,3.5338494777679443
Precipitation_Flux,Wheat,74,3.1549785137176514
Precipitation_Flux,Wheat,75,3.442697763442993
Precipitation_Flux,Wheat,76,3.6542558670043945
Precipitation_Flux,Wheat,77,4.358288764953613
Precipitation_Flux,Wheat,78,4.521790504455566
Precipitation_Flux,Wheat,79,4.705545425415039
Precipitation_Flux,Wheat,80,3.86322021484375
Precipitation_Flux,Wheat,81,3.7716872692108154
Precipitation_Flux,Wheat,82,3.2623088359832764
Precipitation_Flux,Wheat,83,3.420848846435547
Precipitation_Flux,Wheat,84,3.5461132526397705
Precipitation_Flux,Wheat,85,3.4781792163848877
Precipitation_Flux,Wheat,86,3.899618148803711
Precipitation_Flux,Wheat,87,4.446438789367676
Precipitation_Flux,Wheat,88,5.247915267944336
Precipitation_Flux,Wheat,89,4.8875322341918945
Precipitation_Flux,Wheat,90,3.8680310249328613
Precipitation_Flux,Wheat,91,3.221228837966919
Precipitation_Flux,Wheat,92,4.131499767303467
Precipitation_Flux,Wheat,93,4.8668084144592285
Precipitation_Flux,Wheat,94,4.5531134605407715
Precipitation_Flux,Wheat,95,4.30976676940918
Precipitation_Flux,Wheat,96,3.375234842300415
Precipitation_Flux,Wheat,97,3.484038829803467
Precipitation_Flux,Wheat,98,3.8525216579437256
Precipitation_Flux,Wheat,99,3.763474225997925
Precipitation_Flux,Wheat,100,4.093993663787842
Precipitation_Flux,Wheat,101,4.866227149963379
Precipitation_Flux,Wheat,102,3.886260986328125
Precipitation_Flux,Wheat,103,5.318116664886475
Precipitation_Flux,Wheat,104,5.399901866912842
Precipitation_Flux,Wheat,105,4.2982563972473145
Precipitation_Flux,Wheat,106,3.525393486022949
Precipitation_Flux,Wheat,107,3.3470299243927
Precipitation_Flux,Wheat,108,3.7637124061584473
Precipitation_Flux,Wheat,109,4.29561185836792
Precipitation_Flux,Wheat,110,3.9982211589813232
Precipitation_Flux,Wheat,111,3.947364568710327
Precipitation_Flux,Wheat,112,4.300093173980713
Precipitation_Flux,Wheat,113,4.455309867858887
Precipitation_Flux,Wheat,114,4.281797885894775
Precipitation_Flux,Wheat,115,4.447434425354004
Precipitation_Flux,Wheat,116,4.251731872558594
Precipitation_Flux,Wheat,117,4.8014421463012695
Precipitation_Flux,Wheat,118,4.735558986663818
Precipitation_Flux,Wheat,119,5.042185306549072
Precipitation_Flux,Wheat,120,5.128386974334717
Precipitation_Flux,Wheat,121,4.6613006591796875
Precipitation_Flux,Wheat,122,4.819415092468262
Precipitation_Flux,Wheat,123,4.972785949707031
Precipitation_Flux,Wheat,124,4.570573329925537
Precipitation_Flux,Wheat,125,4.121790885925293
Precipitation_Flux,Wheat,126,3.63360857963562
Precipitation_Flux,Wheat,127,4.285661220550537
Precipitation_Flux,Wheat,128,4.818120956420898
Precipitation_Flux,Wheat,129,4.7099480628967285
Precipitation_Flux,Wheat,130,4.38480281829834
Precipitation_Flux,Wheat,131,4.232903480529785
Precipitation_Flux,Wheat,132,4.3705878257751465
Precipitation_Flux,Wheat,133,4.551743030548096
Precipitation_Flux,Wheat,134,4.098345756530762
Precipitation_Flux,Wheat,135,4.13175106048584
Precipitation_Flux,Wheat,136,4.701925754547119
Precipitation_Flux,Wheat,137,5.056180000305176
Precipitation_Flux,Wheat,138,5.3393168449401855
Precipitation_Flux,Wheat,139,4.702585220336914
Precipitation_Flux,Wheat,140,4.32015323638916
Precipitation_Flux,Wheat,141,4.224704742431641
Precipitation_Flux,Wheat,142,3.7401745319366455
Precipitation_Flux,Wheat,143,4.11004114151001
Precipitation_Flux,Wheat,144,4.789244174957275
Precipitation_Flux,Wheat,145,4.811784267425537
Precipitation_Flux,Wheat,146,4.572556495666504
Precipitation_Flux,Wheat,147,4.479000568389893
Precipitation_Flux,Wheat,148,4.468677997589111
Precipitation_Flux,Wheat,149,4.081008434295654
Precipitation_Flux,Wheat,150,4.1553168296813965
Precipitation_Flux,Wheat,151,4.081437587738037
Precipitation_Flux,Wheat,152,3.915872097015381
Precipitation_Flux,Wheat,153,4.273507118225098
Precipitation_Flux,Wheat,154,4.186645984649658
Precipitation_Flux,Wheat,155,4.411474704742432
Precipitation_Flux,Wheat,156,4.255377769470215
Precipitation_Flux,Wheat,157,4.033929824829102
Precipitation_Flux,Wheat,158,3.691688299179077
Precipitation_Flux,Wheat,159,4.115255832672119
Precipitation_Flux,Wheat,160,4.000850200653076
Precipitation_Flux,Wheat,161,4.722208499908447
Precipitation_Flux,Wheat,162,4.714186191558838
Precipitation_Flux,Wheat,163,4.201733112335205
Precipitation_Flux,Wheat,164,3.904327392578125
Precipitation_Flux,Wheat,165,3.732840061187744
Precipitation_Flux,Wheat,166,3.888845682144165
Precipitation_Flux,Wheat,167,3.7184507846832275
Precipitation_Flux,Wheat,168,3.6401121616363525
Precipitation_Flux,Wheat,169,3.784602403640747
Precipitation_Flux,Wheat,170,3.6136538982391357
Precipitation_Flux,Wheat,171,3.2540411949157715
Precipitation_Flux,Wheat,172,3.611241102218628
Precipitation_Flux,Wheat,173,3.6198933124542236
Precipitation_Flux,Wheat,174,3.3665032386779785
Precipitation_Flux,Wheat,175,3.177335739135742
Precipitation_Flux,Wheat,176,3.26940655708313
Precipitation_Flux,Wheat,177,3.7350845336914062
Precipitation_Flux,Wheat,178,3.8664662837982178
Precipitation_Flux,Wheat,179,3.735158681869507
Precipitation_Flux,Wheat,180,3.4058995246887207
Precipitation_Flux,Wheat,181,3.3766932487487793
Precipitation_Flux,Wheat,182,3.3224668502807617
Precipitation_Flux,Wheat,183,0.0
Precipitation_Flux,Wheat,184,0.0
Precipitation_Flux,Wheat,185,0.0
Precipitation_Flux,Wheat,186,0.0
Precipitation_Flux,Wheat,187,0.0
Precipitation_Flux,Wheat,188,0.0
Precipitation_Flux,Wheat,189,0.0
Precipitation_Flux,Wheat,190,0.0
Precipitation_Flux,Wheat,191,0.0
Precipitation_Flux,Wheat,192,0.0
Precipitation_Flux,Wheat,193,0.0
Precipitation_Flux,Wheat,194,0.0
Precipitation_Flux,Wheat,195,0.0
Precipitation_Flux,Wheat,196,0.0
Precipitation_Flux,Wheat,197,0.0
Precipitation_Flux,Wheat,198,0.0
Precipitation_Flux,Wheat,199,0.0
Precipitation_Flux,Wheat,200,0.0
Precipitation_Flux,Wheat,201,0.0
Precipitation_Flux,Wheat,202,0.0
Precipitation_Flux,Wheat,203,0.0
Precipitation_Flux,Wheat,204,0.0
Precipitation_Flux,Wheat,205,0.0
Precipitation_Flux,Wheat,206,0.0
Precipitation_Flux,Wheat,207,0.0
Precipitation_Flux,Wheat,208,0.0
Precipitation_Flux,Wheat,209,0.0
Precipitation_Flux,Wheat,210,0.0
Precipitation_Flux,Wheat,211,0.0
Precipitation_Flux,Wheat,212,0.0
Precipitation_Flux,Wheat,213,0.0
Precipitation_Flux,Wheat,214,0.0
Precipitation_Flux,Wheat,215,0.0
Precipitation_Flux,Wheat,216,0.0
Precipitation_Flux,Wheat,217,0.0
Precipitation_Flux,Wheat,218,0.0
Precipitation_Flux,Wheat,219,0.0
Precipitation_Flux,Wheat,220,0.0
Precipitation_Flux,Wheat,221,0.0
Precipitation_Flux,Wheat,222,0.0
Precipitation_Flux,Wheat,223,0.0
Precipitation_Flux,Wheat,224,0.0
Precipitation_Flux,Wheat,225,0.0
Precipitation_Flux,Wheat,226,0.0
Precipitation_Flux,Wheat,227,0.0
Precipitation_Flux,Wheat,228,0.0
Precipitation_Flux,Wheat,229,0.0
Precipitation_Flux,Wheat,230,0.0
Precipitation_Flux,Wheat,231,0.0
Precipitation_Flux,Wheat,232,0.0
Precipitation_Flux,Wheat,233,0.0
Precipitation_Flux,Wheat,234,0.0
Precipitation_Flux,Wheat,235,0.0
Precipitation_Flux,Wheat,236,0.0
Precipitation_Flux,Wheat,237,0.0
Precipitation_Flux,Wheat,238,0.0
Precipitation_Flux,Wheat,239,0.0
Precipitation_Flux,Wheat,240,0.0
Precipitation_Flux,Wheat,241,0.0
Precipitation_Flux,Wheat,242,0.0
Precipitation_Flux,Wheat,243,0.0
Precipitation_Flux,Wheat,244,0.0
Precipitation_Flux,Wheat,245,0.0
Precipitation_Flux,Wheat,246,0.0
Precipitation_Flux,Wheat,247,0.0
Precipitation_Flux,Wheat,248,0.0
Precipitation_Flux,Wheat,249,0.0
Precipitation_Flux,Wheat,250,0.0
Precipitation_Flux,Wheat,251,0.0
Precipitation_Flux,Wheat,252,0.0
Precipitation_Flux,Wheat,253,0.0
Precipitation_Flux,Wheat,254,0.0
Precipitation_Flux,Wheat,255,0.0
Precipitation_Flux,Wheat,256,0.0
Precipitation_Flux,Wheat,257,0.0
Precipitation_Flux,Wheat,258,0.0
Precipitation_Flux,Wheat,259,0.0
Precipitation_Flux,Wheat,260,0.0
Precipitation_Flux,Wheat,261,0.0
Precipitation_Flux,Wheat,262,0.0
Precipitation_Flux,Wheat,263,0.0
Precipitation_Flux,Wheat,264,0.0
Precipitation_Flux,Wheat,265,0.0
Precipitation_Flux,Wheat,266,0.0
Precipitation_Flux,Wheat,267,0.0
Precipitation_Flux,Wheat,268,0.0
Precipitation_Flux,Wheat,269,0.0
Precipitation_Flux,Wheat,270,0.0
Precipitation_Flux,Wheat,271,0.0
Precipitation_Flux,Wheat,272,0.0
Precipitation_Flux,Wheat,273,0.0
Precipitation_Flux,Wheat,274,0.0
Precipitation_Flux,Wheat,275,0.0
Precipitation_Flux,Wheat,276,0.0
Precipitation_Flux,Wheat,277,0.0
Precipitation_Flux,Wheat,278,0.0
Precipitation_Flux,Wheat,279,0.0
Precipitation_Flux,Wheat,280,0.0
Precipitation_Flux,Wheat,281,0.0
Precipitation_Flux,Wheat,282,0.0
Precipitation_Flux,Wheat,283,0.0
Precipitation_Flux,Wheat,284,0.0
Precipitation_Flux,Wheat,285,0.0
Precipitation_Flux,Wheat,286,0.0
Precipitation_Flux,Wheat,287,0.0
Precipitation_Flux,Wheat,288,0.0
Precipitation_Flux,Wheat,289,0.0
Precipitation_Flux,Wheat,290,0.0
Precipitation_Flux,Wheat,291,0.0
Precipitation_Flux,Wheat,292,0.0
Precipitation_Flux,Wheat,293,0.0
Precipitation_Flux,Wheat,294,0.0
Precipitation_Flux,Wheat,295,0.0
Precipitation_Flux,Wheat,296,0.0
Precipitation_Flux,Wheat,297,0.0
Precipitation_Flux,Wheat,298,0.0
Precipitation_Flux,Wheat,299,0.0
Precipitation_Flux,Wheat,300,0.0
Precipitation_Flux,Wheat,301,0.0
Precipitation_Flux,Wheat,302,0.0
Precipitation_Flux,Wheat,303,0.0
Precipitation_Flux,Wheat,304,0.0
Precipitation_Flux,Wheat,305,0.0
Precipitation_Flux,Wheat,306,0.0
Precipitation_Flux,Wheat,307,0.0
Precipitation_Flux,Wheat,308,0.0
Precipitation_Flux,Wheat,309,0.0
Precipitation_Flux,Wheat,310,0.0
Precipitation_Flux,Wheat,311,0.0
Precipitation_Flux,Wheat,312,0.0
Precipitation_Flux,Wheat,313,0.0
Precipitation_Flux,Wheat,314,0.0
Precipitation_Flux,Wheat,315,0.0
Precipitation_Flux,Wheat,316,0.0
Precipitation_Flux,Wheat,317,0.0
Precipitation_Flux,Wheat,318,0.0
Precipitation_Flux,Wheat,319,0.0
Precipitation_Flux,Wheat,320,0.0
Precipitation_Flux,Wheat,321,0.0
Precipitation_Flux,Wheat,322,0.0
Precipitation_Flux,Wheat,323,0.0
Precipitation_Flux,Wheat,324,0.0
Precipitation_Flux,Wheat,325,0.0
Precipitation_Flux,Wheat,326,0.0
Precipitation_Flux,Wheat,327,0.0
Precipitation_Flux,Wheat,328,0.0
Precipitation_Flux,Wheat,329,0.0
Precipitation_Flux,Wheat,330,0.0
Precipitation_Flux,Wheat,331,0.0
Precipitation_Flux,Wheat,332,0.0
Precipitation_Flux,Wheat,333,0.0
Precipitation_Flux,Wheat,334,0.0
Precipitation_Flux,Wheat,335,0.0
Precipitation_Flux,Wheat,336,0.0
Precipitation_Flux,Wheat,337,0.0
Precipitation_Flux,Wheat,338,0.0
Precipitation_Flux,Wheat,339,0.0
Precipitation_Flux,Wheat,340,0.0
Precipitation_Flux,Wheat,341,0.0
Precipitation_Flux,Wheat,342,0.0
Precipitation_Flux,Wheat,343,0.0
Precipitation_Flux,Wheat,344,0.0
Precipitation_Flux,Wheat,345,0.0
Precipitation_Flux,Wheat,346,0.0
Precipitation_Flux,Wheat,347,0.0
Precipitation_Flux,Wheat,348,0.0
Precipitation_Flux,Wheat,349,0.0
Precipitation_Flux,Wheat,350,0.0
Precipitation_Flux,Wheat,351,0.0
Precipitation_Flux,Wheat,352,0.0
Precipitation_Flux,Wheat,353,0.0
Precipitation_Flux,Wheat,354,0.0
Precipitation_Flux,Wheat,355,0.0
Precipitation_Flux,Wheat,356,0.0
Precipitation_Flux,Wheat,357,0.0
Precipitation_Flux,Wheat,358,0.0
Precipitation_Flux,Wheat,359,0.0
Precipitation_Flux,Wheat,360,0.0
Precipitation_Flux,Wheat,361,0.0
Precipitation_Flux,Wheat,362,0.0
Precipitation_Flux,Wheat,363,0.0
Precipitation_Flux,Wheat,364,0.0
Precipitation_Flux,Wheat,365,0.0
Solar_Radiation_Flux,Maize,1,0.0
Solar_Radiation_Flux,Maize,2,0.0
Solar_Radiation_Flux,Maize,3,0.0
Solar_Radiation_Flux,Maize,4,0.0
Solar_Radiation_Flux,Maize,5,0.0
Solar_Radiation_Flux,Maize,6,0.0
Solar_Radiation_Flux,Maize,7,0.0
Solar_Radiation_Flux,Maize,8,0.0
Solar_Radiation_Flux,Maize,9,0.0
Solar_Radiation_Flux,Maize,10,0.0
Solar_Radiation_Flux,Maize,11,0.0
Solar_Radiation_Flux,Maize,12,0.0
Solar_Radiation_Flux,Maize,13,0.0
Solar_Radiation_Flux,Maize,14,0.0
Solar_Radiation_Flux,Maize,15,0.0
Solar_Radiation_Flux,Maize,16,0.0
Solar_Radiation_Flux,Maize,17,0.0
Solar_Radiation_Flux,Maize,18,0.0
Solar_Radiation_Flux,Maize,19,0.0
Solar_Radiation_Flux,Maize,20,0.0
Solar_Radiation_Flux,Maize,21,0.0
Solar_Radiation_Flux,Maize,22,0.0
Solar_Radiation_Flux,Maize,23,0.0
Solar_Radiation_Flux,Maize,24,0.0
Solar_Radiation_Flux,Maize,25,0.0
Solar_Radiation_Flux,Maize,26,0.0
Solar_Radiation_Flux,Maize,27,0.0
Solar_Radiation_Flux,Maize,28,0.0
Solar_Radiation_Flux,Maize,29,0.0
Solar_Radiation_Flux,Maize,30,0.0
Solar_Radiation_Flux,Maize,31,0.0
Solar_Radiation_Flux,Maize,32,0.0
Solar_Radiation_Flux,Maize,33,0.0
Solar_Radiation_Flux,Maize,34,0.0
Solar_Radiation_Flux,Maize,35,0.0
Solar_Radiation_Flux,Maize,36,0.0
Solar_Radiation_Flux,Maize,37,0.0
Solar_Radiation_Flux,Maize,38,0.0
Solar_Radiation_Flux,Maize,39,0.0
Solar_Radiation_Flux,Maize,40,0.0
Solar_Radiation_Flux,Maize,41,0.0
Solar_Radiation_Flux,Maize,42,0.0
Solar_Radiation_Flux,Maize,43,0.0
Solar_Radiation_Flux,Maize,44,0.0
Solar_Radiation_Flux,Maize,45,0.0
Solar_Radiation_Flux,Maize,46,0.0
Solar_Radiation_Flux,Maize,47,0.0
Solar_Radiation_Flux,Maize,48,0.0
Solar_Radiation_Flux,Maize,49,0.0
Solar_Radiation_Flux,Maize,50,0.0
Solar_Radiation_Flux,Maize,51,0.0
Solar_Radiation_Flux,Maize,52,0.0
Solar_Radiation_Flux,Maize,53,0.0
Solar_Radiation_Flux,Maize,54,0.0
Solar_Radiation_Flux,Maize,55,0.0
Solar_Radiation_Flux,Maize,56,0.0
Solar_Radiation_Flux,Maize,57,0.0
Solar_Radiation_Flux,Maize,58,0.0
Solar_Radiation_Flux,Maize,59,0.0
Solar_Radiation_Flux,Maize,60,0.0
Solar_Radiation_Flux,Maize,61,0.0
Solar_Radiation_Flux,Maize,62,0.0
Solar_Radiation_Flux,Maize,63,0.0
Solar_Radiation_Flux,Maize,64,0.0
Solar_Radiation_Flux,Maize,65,0.0
Solar_Radiation_Flux,Maize,66,0.0
Solar_Radiation_Flux,Maize,67,0.0
Solar_Radiation_Flux,Maize,68,0.0
Solar_Radiation_Flux,Maize,69,0.0
Solar_Radiation_Flux,Maize,70,0.0
Solar_Radiation_Flux,Maize,71,0.0
Solar_Radiation_Flux,Maize,72,0.0
Solar_Radiation_Flux,Maize,73,0.0
Solar_Radiation_Flux,Maize,74,0.0
Solar_Radiation_Flux,Maize,75,0.0
Solar_Radiation_Flux,Maize,76,0.0
Solar_Radiation_Flux,Maize,77,0.0
Solar_Radiation_Flux,Maize,78,0.0
Solar_Radiation_Flux,Maize,79,0.0
Solar_Radiation_Flux,Maize,80,0.0
Solar_Radiation_Flux,Maize,81,0.0
Solar_Radiation_Flux,Maize,82,0.0
Solar_Radiation_Flux,Maize,83,0.0
Solar_Radiation_Flux,Maize,84,0.0
Solar_Radiation_Flux,Maize,85,0.0
Solar_Radiation_Flux,Maize,86,0.0
Solar_Radiation_Flux,Maize,87,0.0
Solar_Radiation_Flux,Maize,88,0.0
Solar_Radiation_Flux,Maize,89,0.0
Solar_Radiation_Flux,Maize,90,0.0
Solar_Radiation_Flux,Maize,91,18594664.0
Solar_Radiation_Flux,Maize,92,17950058.0
Solar_Radiation_Flux,Maize,93,17170152.0
Solar_Radiation_Flux,Maize,94,17472388.0
Solar_Radiation_Flux,Maize,95,17443698.0
Solar_Radiation_Flux,Maize,96,18300028.0
Solar_Radiation_Flux,Maize,97,18453574.0
Solar_Radiation_Flux,Maize,98,17798868.0
Solar_Radiation_Flux,Maize,99,18288446.0
Solar_Radiation_Flux,Maize,100,19144980.0
Solar_Radiation_Flux,Maize,101,18696012.0
Solar_Radiation_Flux,Maize,102,18576414.0
Solar_Radiation_Flux,Maize,103,18110098.0
Solar_Radiation_Flux,Maize,104,18334630.0
Solar_Radiation_Flux,Maize,105,18671406.0
Solar_Radiation_Flux,Maize,106,19380906.0
Solar_Radiation_Flux,Maize,107,20136498.0
Solar_Radiation_Flux,Maize,108,20071246.0
Solar_Radiation_Flux,Maize,109,19287274.0
Solar_Radiation_Flux,Maize,110,18991026.0
Solar_Radiation_Flux,Maize,111,19419732.0
Solar_Radiation_Flux,Maize,112,19683666.0
Solar_Radiation_Flux,Maize,113,20212586.0
Solar_Radiation_Flux,Maize,114,20325942.0
Solar_Radiation_Flux,Maize,115,20036856.0
Solar_Radiation_Flux,Maize,116,20028454.0
Solar_Radiation_Flux,Maize,117,19982102.0
Solar_Radiation_Flux,Maize,118,20177528.0
Solar_Radiation_Flux,Maize,119,20067924.0
Solar_Radiation_Flux,Maize,120,19521798.0
Solar_Radiation_Flux,Maize,121,19688556.0
Solar_Radiation_Flux,Maize,122,20339294.0
Solar_Radiation_Flux,Maize,123,20051660.0
Solar_Radiation_Flux,Maize,124,20418426.0
Solar_Radiation_Flux,Maize,125,20665986.0
Solar_Radiation_Flux,Maize,126,21102244.0
Solar_Radiation_Flux,Maize,127,21472042.0
Solar_Radiation_Flux,Maize,128,20967448.0
Solar_Radiation_Flux,Maize,129,20705842.0
Solar_Radiation_Flux,Maize,130,21134300.0
Solar_Radiation_Flux,Maize,131,20932022.0
Solar_Radiation_Flux,Maize,132,20747908.0
Solar_Radiation_Flux,Maize,133,21172310.0
Solar_Radiation_Flux,Maize,134,21183140.0
Solar_Radiation_Flux,Maize,135,21371346.0
Solar_Radiation_Flux,Maize,136,21581014.0
Solar_Radiation_Flux,Maize,137,21467172.0
Solar_Radiation_Flux,Maize,138,21172894.0
Solar_Radiation_Flux,Maize,139,21147932.0
Solar_Radiation_Flux,Maize,140,21573252.0
Solar_Radiation_Flux,Maize,141,21679250.0
Solar_Radiation_Flux,Maize,142,21871090.0
Solar_Radiation_Flux,Maize,143,21667500.0
Solar_Radiation_Flux,Maize,144,21262866.0
Solar_Radiation_Flux,Maize,145,21175328.0
Solar_Radiation_Flux,Maize,146,21273630.0
Solar_Radiation_Flux,Maize,147,21651802.0
Solar_Radiation_Flux,Maize,148,21556002.0
Solar_Radiation_Flux,Maize,149,21891516.0
Solar_Radiation_Flux,Maize,150,22195626.0
Solar_Radiation_Flux,Maize,151,22487682.0
Solar_Radiation_Flux,Maize,152,22671930.0
Solar_Radiation_Flux,Maize,153,22007702.0
Solar_Radiation_Flux,Maize,154,22011708.0
Solar_Radiation_Flux,Maize,155,22006604.0
Solar_Radiation_Flux,Maize,156,22032502.0
Solar_Radiation_Flux,Maize,157,22480978.0
Solar_Radiation_Flux,Maize,158,22673634.0
Solar_Radiation_Flux,Maize,159,22767232.0
Solar_Radiation_Flux,Maize,160,22911720.0
Solar_Radiation_Flux,Maize,161,22375696.0
Solar_Radiation_Flux,Maize,162,21838870.0
Solar_Radiation_Flux,Maize,163,22386614.0
Solar_Radiation_Flux,Maize,164,23120302.0
Solar_Radiation_Flux,Maize,165,23341446.0
Solar_Radiation_Flux,Maize,166,23282644.0
Solar_Radiation_Flux,Maize,167,23310380.0
Solar_Radiation_Flux,Maize,168,23397508.0
Solar_Radiation_Flux,Maize,169,23122684.0
Solar_Radiation_Flux,Maize,170,22940602.0
Solar_Radiation_Flux,Maize,171,23345172.0
Solar_Radiation_Flux,Maize,172,22910252.0
Solar_Radiation_Flux,Maize,173,23056184.0
Solar_Radiation_Flux,Maize,174,23360130.0
Solar_Radiation_Flux,Maize,175,23507490.0
Solar_Radiation_Flux,Maize,176,23494856.0
Solar_Radiation_Flux,Maize,177,23241768.0
Solar_Radiation_Flux,Maize,178,23439892.0
Solar_Radiation_Flux,Maize,179,23163806.0
Solar_Radiation_Flux,Maize,180,23299686.0
Solar_Radiation_Flux,Maize,181,23076816.0
Solar_Radiation_Flux,Maize,182,22807288.0
Solar_Radiation_Flux,Maize,183,23165040.0
Solar_Radiation_Flux,Maize,184,23140356.0
Solar_Radiation_Flux,Maize,185,22743198.0
Solar_Radiation_Flux,Maize,186,22923934.0
Solar_Radiation_Flux,Maize,187,23279280.0
Solar_Radiation_Flux,Maize,188,23524374.0
Solar_Radiation_Flux,Maize,189,23339356.0
Solar_Radiation_Flux,Maize,190,23330628.0
Solar_Radiation_Flux,Maize,191,23129706.0
Solar_Radiation_Flux,Maize,192,23070466.0
Solar_Radiation_Flux,Maize,193,22782504.0
Solar_Radiation_Flux,Maize,194,22574500.0
Solar_Radiation_Flux,Maize,195,22825236.0
Solar_Radiation_Flux,Maize,196,22865312.0
Solar_Radiation_Flux,Maize,197,23122708.0
Solar_Radiation_Flux,Maize,198,23209910.0
Solar_Radiation_Flux,Maize,199,22961028.0
Solar_Radiation_Flux,Maize,200,22713184.0
Solar_Radiation_Flux,Maize,201,22722418.0
Solar_Radiation_Flux,Maize,202,22332082.0
Solar_Radiation_Flux,Maize,203,22203854.0
Solar_Radiation_Flux,Maize,204,22341160.0
Solar_Radiation_Flux,Maize,205,22368812.0
Solar_Radiation_Flux,Maize,206,22310536.0
Solar_Radiation_Flux,Maize,207,21801968.0
Solar_Radiation_Flux,Maize,208,21650396.0
Solar_Radiation_Flux,Maize,209,21683680.0
Solar_Radiation_Flux,Maize,210,21968212.0
Solar_Radiation_Flux,Maize,211,21822610.0
Solar_Radiation_Flux,Maize,212,21624170.0
Solar_Radiation_Flux,Maize,213,21310232.0
Solar_Radiation_Flux,Maize,214,0.0
Solar_Radiation_Flux,Maize,215,0.0
Solar_Radiation_Flux,Maize,216,0.0
Solar_Radiation_Flux,Maize,217,0.0
Solar_Radiation_Flux,Maize,218,0.0
Solar_Radiation_Flux,Maize,219,0.0
Solar_Radiation_Flux,Maize,220,0.0
Solar_Radiation_Flux,Maize,221,0.0
Solar_Radiation_Flux,Maize,222,0.0
Solar_Radiation_Flux,Maize,223,0.0
Solar_Radiation_Flux,Maize,224,0.0
Solar_Radiation_Flux,Maize,225,0.0
Solar_Radiation_Flux,Maize,226,0.0
Solar_Radiation_Flux,Maize,227,0.0
Solar_Radiation_Flux,Maize,228,0.0
Solar_Radiation_Flux,Maize,229,0.0
Solar_Radiation_Flux,Maize,230,0.0
Solar_Radiation_Flux,Maize,231,0.0
Solar_Radiation_Flux,Maize,232,0.0
Solar_Radiation_Flux,Maize,233,0.0
Solar_Radiation_Flux,Maize,234,0.0
Solar_Radiation_Flux,Maize,235,0.0
Solar_Radiation_Flux,Maize,236,0.0
Solar_Radiation_Flux,Maize,237,0.0
Solar_Radiation_Flux,Maize,238,0.0
Solar_Radiation_Flux,Maize,239,0.0
Solar_Radiation_Flux,Maize,240,0.0
Solar_Radiation_Flux,Maize,241,0.0
Solar_Radiation_Flux,Maize,242,0.0
Solar_Radiation_Flux,Maize,243,0.0
Solar_Radiation_Flux,Maize,244,0.0
Solar_Radiation_Flux,Maize,245,0.0
Solar_Radiation_Flux,Maize,246,0.0
Solar_Radiation_Flux,Maize,247,0.0
Solar_Radiation_Flux,Maize,248,0.0
Solar_Radiation_Flux,Maize,249,0.0
Solar_Radiation_Flux,Maize,250,0.0
Solar_Radiation_Flux,Maize,251,0.0
Solar_Radiation_Flux,Maize,252,0.0
Solar_Radiation_Flux,Maize,253,0.0
Solar_Radiation_Flux,Maize,254,0.0
Solar_Radiation_Flux,Maize,255,0.0
Solar_Radiation_Flux,Maize,256,0.0
Solar_Radiation_Flux,Maize,257,0.0
Solar_Radiation_Flux,Maize,258,0.0
Solar_Radiation_Flux,Maize,259,0.0
Solar_Radiation_Flux,Maize,260,0.0
Solar_Radiation_Flux,Maize,261,0.0
Solar_Radiation_Flux,Maize,262,0.0
Solar_Radiation_Flux,Maize,263,0.0
Solar_Radiation_Flux,Maize,264,0.0
Solar_Radiation_Flux,Maize,265,0.0
Solar_Radiation_Flux,Maize,266,0.0
Solar_Radiation_Flux,Maize,267,0.0
Solar_Radiation_Flux,Maize,268,0.0
Solar_Radiation_Flux,Maize,269,0.0
Solar_Radiation_Flux,Maize,270,0.0
Solar_Radiation_Flux,Maize,271,0.0
Solar_Radiation_Flux,Maize,272,0.0
Solar_Radiation_Flux,Maize,273,0.0
Solar_Radiation_Flux,Maize,274,0.0
Solar_Radiation_Flux,Maize,275,0.0
Solar_Radiation_Flux,Maize,276,0.0
Solar_Radiation_Flux,Maize,277,0.0
Solar_Radiation_Flux,Maize,278,0.0
Solar_Radiation_Flux,Maize,279,0.0
Solar_Radiation_Flux,Maize,280,0.0
Solar_Radiation_Flux,Maize,281,0.0
Solar_Radiation_Flux,Maize,282,0.0
Solar_Radiation_Flux,Maize,283,0.0
Solar_Radiation_Flux,Maize,284,0.0
Solar_Radiation_Flux,Maize,285,0.0
Solar_Radiation_Flux,Maize,286,0.0
Solar_Radiation_Flux,Maize,287,0.0
Solar_Radiation_Flux,Maize,288,0.0
Solar_Radiation_Flux,Maize,289,0.0
Solar_Radiation_Flux,Maize,290,0.0
Solar_Radiation_Flux,Maize,291,0.0
Solar_Radiation_Flux,Maize,292,0.0
Solar_Radiation_Flux,Maize,293,0.0
Solar_Radiation_Flux,Maize,294,0.0
Solar_Radiation_Flux,Maize,295,0.0
Solar_Radiation_Flux,Maize,296,0.0
Solar_Radiation_Flux,Maize,297,0.0
Solar_Radiation_Flux,Maize,298,0.0
Solar_Radiation_Flux,Maize,299,0.0
Solar_Radiation_Flux,Maize,300,0.0
Solar_Radiation_Flux,Maize,301,0.0
Solar_Radiation_Flux,Maize,302,0.0
Solar_Radiation_Flux,Maize,303,0.0
Solar_Radiation_Flux,Maize,304,0.0
Solar_Radiation_Flux,Maize,305,0.0
Solar_Radiation_Flux,Maize,306,0.0
Solar_Radiation_Flux,Maize,307,0.0
Solar_Radiation_Flux,Maize,308,0.0
Solar_Radiation_Flux,Maize,309,0.0
Solar_Radiation_Flux,Maize,310,0.0
Solar_Radiation_Flux,Maize,311,0.0
Solar_Radiation_Flux,Maize,312,0.0
Solar_Radiation_Flux,Maize,313,0.0
Solar_Radiation_Flux,Maize,314,0.0
Solar_Radiation_Flux,Maize,315,0.0
Solar_Radiation_Flux,Maize,316,0.0
Solar_Radiation_Flux,Maize,317,0.0
Solar_Radiation_Flux,Maize,318,0.0
Solar_Radiation_Flux,Maize,319,0.0
Solar_Radiation_Flux,Maize,320,0.0
Solar_Radiation_Flux,Maize,321,0.0
Solar_Radiation_Flux,Maize,322,0.0
Solar_Radiation_Flux,Maize,323,0.0
Solar_Radiation_Flux,Maize,324,0.0
Solar_Radiation_Flux,Maize,325,0.0
Solar_Radiation_Flux,Maize,326,0.0
Solar_Radiation_Flux,Maize,327,0.0
Solar_Radiation_Flux,Maize,328,0.0
Solar_Radiation_Flux,Maize,329,0.0
Solar_Radiation_Flux,Maize,330,0.0
Solar_Radiation_Flux,Maize,331,0.0
Solar_Radiation_Flux,Maize,332,0.0
Solar_Radiation_Flux,Maize,333,0.0
Solar_Radiation_Flux,Maize,334,0.0
Solar_Radiation_Flux,Maize,335,0.0
Solar_Radiation_Flux,Maize,336,0.0
Solar_Radiation_Flux,Maize,337,0.0
Solar_Radiation_Flux,Maize,338,0.0
Solar_Radiation_Flux,Maize,339,0.0
Solar_Radiation_Flux,Maize,340,0.0
Solar_Radiation_Flux,Maize,341,0.0
Solar_Radiation_Flux,Maize,342,0.0
Solar_Radiation_Flux,Maize,343,0.0
Solar_Radiation_Flux,Maize,344,0.0
Solar_Radiation_Flux,Maize,345,0.0
Solar_Radiation_Flux,Maize,346,0.0
Solar_Radiation_Flux,Maize,347,0.0
Solar_Radiation_Flux,Maize,348,0.0
Solar_Radiation_Flux,Maize,349,0.0
Solar_Radiation_Flux,Maize,350,0.0
Solar_Radiation_Flux,Maize,351,0.0
Solar_Radiation_Flux,Maize,352,0.0
Solar_Radiation_Flux,Maize,353,0.0
Solar_Radiation_Flux,Maize,354,0.0
Solar_Radiation_Flux,Maize,355,0.0
Solar_Radiation_Flux,Maize,356,0.0
Solar_Radiation_Flux,Maize,357,0.0
Solar_Radiation_Flux,Maize,358,0.0
Solar_Radiation_Flux,Maize,359,0.0
Solar_Radiation_Flux,Maize,360,0.0
Solar_Radiation_Flux,Maize,361,0.0
Solar_Radiation_Flux,Maize,362,0.0
Solar_Radiation_Flux,Maize,363,0.0
Solar_Radiation_Flux,Maize,364,0.0
Solar_Radiation_Flux,Maize,365,0.0
Solar_Radiation_Flux,Rice,1,0.0
Solar_Radiation_Flux,Rice,2,0.0
Solar_Radiation_Flux,Rice,3,0.0
Solar_Radiation_Flux,Rice,4,0.0
Solar_Radiation_Flux,Rice,5,0.0
Solar_Radiation_Flux,Rice,6,0.0
Solar_Radiation_Flux,Rice,7,0.0
Solar_Radiation_Flux,Rice,8,0.0
Solar_Radiation_Flux,Rice,9,0.0
Solar_Radiation_Flux,Rice,10,0.0
Solar_Radiation_Flux,Rice,11,0.0
Solar_Radiation_Flux,Rice,12,0.0
Solar_Radiation_Flux,Rice,13,0.0
Solar_Radiation_Flux,Rice,14,0.0
Solar_Radiation_Flux,Rice,15,0.0
Solar_Radiation_Flux,Rice,16,0.0
Solar_Radiation_Flux,Rice,17,0.0
Solar_Radiation_Flux,Rice,18,0.0
Solar_Radiation_Flux,Rice,19,0.0
Solar_Radiation_Flux,Rice,20,0.0
Solar_Radiation_Flux,Rice,21,0.0
Solar_Radiation_Flux,Rice,22,0.0
Solar_Radiation_Flux,Rice,23,0.0
Solar_Radiation_Flux,Rice,24,0.0
Solar_Radiation_Flux,Rice,25,0.0
Solar_Radiation_Flux,Rice,26,0.0
Solar_Radiation_Flux,Rice,27,0.0
Solar_Radiation_Flux,Rice,28,0.0
Solar_Radiation_Flux,Rice,29,0.0
Solar_Radiation_Flux,Rice,30,0.0
Solar_Radiation_Flux,Rice,31,0.0
Solar_Radiation_Flux,Rice,32,0.0
Solar_Radiation_Flux,Rice,33,0.0
Solar_Radiation_Flux,Rice,34,0.0
Solar_Radiation_Flux,Rice,35,0.0
Solar_Radiation_Flux,Rice,36,0.0
Solar_Radiation_Flux,Rice,37,0.0
Solar_Radiation_Flux,Rice,38,0.0
Solar_Radiation_Flux,Rice,39,0.0
Solar_Radiation_Flux,Rice,40,0.0
Solar_Radiation_Flux,Rice,41,0.0
Solar_Radiation_Flux,Rice,42,0.0
Solar_Radiation_Flux,Rice,43,0.0
Solar_Radiation_Flux,Rice,44,0.0
Solar_Radiation_Flux,Rice,45,0.0
Solar_Radiation_Flux,Rice,46,0.0
Solar_Radiation_Flux,Rice,47,0.0
Solar_Radiation_Flux,Rice,48,0.0
Solar_Radiation_Flux,Rice,49,0.0
Solar_Radiation_Flux,Rice,50,0.0
Solar_Radiation_Flux,Rice,51,0.0
Solar_Radiation_Flux,Rice,52,0.0
Solar_Radiation_Flux,Rice,53,0.0
Solar_Radiation_Flux,Rice,54,0.0
Solar_Radiation_Flux,Rice,55,0.0
Solar_Radiation_Flux,Rice,56,0.0
Solar_Radiation_Flux,Rice,57,0.0
Solar_Radiation_Flux,Rice,58,0.0
Solar_Radiation_Flux,Rice,59,0.0
Solar_Radiation_Flux,Rice,60,0.0
Solar_Radiation_Flux,Rice,61,0.0
Solar_Radiation_Flux,Rice,62,0.0
Solar_Radiation_Flux,Rice,63,0.0
Solar_Radiation_Flux,Rice,64,0.0
Solar_Radiation_Flux,Rice,65,0.0
Solar_Radiation_Flux,Rice,66,0.0
Solar_Radiation_Flux,Rice,67,0.0
Solar_Radiation_Flux,Rice,68,0.0
Solar_Radiation_Flux,Rice,69,0.0
Solar_Radiation_Flux,Rice,70,0.0
Solar_Radiation_Flux,Rice,71,0.0
Solar_Radiation_Flux,Rice,72,0.0
Solar_Radiation_Flux,Rice,73,0.0
Solar_Radiation_Flux,Rice,74,0.0
Solar_Radiation_Flux,Rice,75,0.0
Solar_Radiation_Flux,Rice,76,0.0
Solar_Radiation_Flux,Rice,77,0.0
Solar_Radiation_Flux,Rice,78,0.0
Solar_Radiation_Flux,Rice,79,0.0
Solar_Radiation_Flux,Rice,80,0.0
Solar_Radiation_Flux,Rice,81,0.0
Solar_Radiation_Flux,Rice,82,0.0
Solar_Radiation_Flux,Rice,83,0.0
Solar_Radiation_Flux,Rice,84,0.0
Solar_Radiation_Flux,Rice,85,0.0
Solar_Radiation_Flux,Rice,86,0.0
Solar_Radiation_Flux,Rice,87,0.0
Solar_Radiation_Flux,Rice,88,0.0
Solar_Radiation_Flux,Rice,89,0.0
Solar_Radiation_Flux,Rice,90,0.0
Solar_Radiation_Flux,Rice,91,20293386.0
Solar_Radiation_Flux,Rice,92,18666056.0
Solar_Radiation_Flux,Rice,93,18860966.0
Solar_Radiation_Flux,Rice,94,17711206.0
Solar_Radiation_Flux,Rice,95,18503418.0
Solar_Radiation_Flux,Rice,96,18738900.0
Solar_Radiation_Flux,Rice,97,19168802.0
Solar_Radiation_Flux,Rice,98,18454450.0
Solar_Radiation_Flux,Rice,99,20508778.0
Solar_Radiation_Flux,Rice,100,20316838.0
Solar_Radiation_Flux,Rice,101,19977052.0
Solar_Radiation_Flux,Rice,102,19895076.0
Solar_Radiation_Flux,Rice,103,18667256.0
Solar_Radiation_Flux,Rice,104,18636024.0
Solar_Radiation_Flux,Rice,105,21120494.0
Solar_Radiation_Flux,Rice,106,21663036.0
Solar_Radiation_Flux,Rice,107,21095812.0
Solar_Radiation_Flux,Rice,108,20015746.0
Solar_Radiation_Flux,Rice,109,20275280.0
Solar_Radiation_Flux,Rice,110,20254626.0
Solar_Radiation_Flux,Rice,111,20899180.0
Solar_Radiation_Flux,Rice,112,20819274.0
Solar_Radiation_Flux,Rice,113,20450854.0
Solar_Radiation_Flux,Rice,114,21700478.0
Solar_Radiation_Flux,Rice,115,21511796.0
Solar_Radiation_Flux,Rice,116,20674304.0
Solar_Radiation_Flux,Rice,117,21073196.0
Solar_Radiation_Flux,Rice,118,21390554.0
Solar_Radiation_Flux,Rice,119,21605714.0
Solar_Radiation_Flux,Rice,120,20344990.0
Solar_Radiation_Flux,Rice,121,21339338.0
Solar_Radiation_Flux,Rice,122,20047650.0
Solar_Radiation_Flux,Rice,123,19931426.0
Solar_Radiation_Flux,Rice,124,20915562.0
Solar_Radiation_Flux,Rice,125,22230234.0
Solar_Radiation_Flux,Rice,126,22345892.0
Solar_Radiation_Flux,Rice,127,22534422.0
Solar_Radiation_Flux,Rice,128,21672268.0
Solar_Radiation_Flux,Rice,129,21540242.0
Solar_Radiation_Flux,Rice,130,21720266.0
Solar_Radiation_Flux,Rice,131,22309566.0
Solar_Radiation_Flux,Rice,132,21919782.0
Solar_Radiation_Flux,Rice,133,21880252.0
Solar_Radiation_Flux,Rice,134,21729712.0
Solar_Radiation_Flux,Rice,135,22370064.0
Solar_Radiation_Flux,Rice,136,22041076.0
Solar_Radiation_Flux,Rice,137,21850148.0
Solar_Radiation_Flux,Rice,138,22119958.0
Solar_Radiation_Flux,Rice,139,23567452.0
Solar_Radiation_Flux,Rice,140,22838782.0
Solar_Radiation_Flux,Rice,141,22183050.0
Solar_Radiation_Flux,Rice,142,22948350.0
Solar_Radiation_Flux,Rice,143,23438490.0
Solar_Radiation_Flux,Rice,144,22729348.0
Solar_Radiation_Flux,Rice,145,22395174.0
Solar_Radiation_Flux,Rice,146,22568160.0
Solar_Radiation_Flux,Rice,147,22924982.0
Solar_Radiation_Flux,Rice,148,22242670.0
Solar_Radiation_Flux,Rice,149,22170020.0
Solar_Radiation_Flux,Rice,150,22541702.0
Solar_Radiation_Flux,Rice,151,22649730.0
Solar_Radiation_Flux,Rice,152,23709128.0
Solar_Radiation_Flux,Rice,153,23123446.0
Solar_Radiation_Flux,Rice,154,23080736.0
Solar_Radiation_Flux,Rice,155,22638800.0
Solar_Radiation_Flux,Rice,156,22461956.0
Solar_Radiation_Flux,Rice,157,22930154.0
Solar_Radiation_Flux,Rice,158,23645018.0
Solar_Radiation_Flux,Rice,159,23626114.0
Solar_Radiation_Flux,Rice,160,23357626.0
Solar_Radiation_Flux,Rice,161,22631790.0
Solar_Radiation_Flux,Rice,162,22689696.0
Solar_Radiation_Flux,Rice,163,23913774.0
Solar_Radiation_Flux,Rice,164,24352326.0
Solar_Radiation_Flux,Rice,165,24278368.0
Solar_Radiation_Flux,Rice,166,24268538.0
Solar_Radiation_Flux,Rice,167,23801046.0
Solar_Radiation_Flux,Rice,168,24011540.0
Solar_Radiation_Flux,Rice,169,23819032.0
Solar_Radiation_Flux,Rice,170,24072586.0
Solar_Radiation_Flux,Rice,171,24416646.0
Solar_Radiation_Flux,Rice,172,23625978.0
Solar_Radiation_Flux,Rice,173,24130850.0
Solar_Radiation_Flux,Rice,174,23931270.0
Solar_Radiation_Flux,Rice,175,23568380.0
Solar_Radiation_Flux,Rice,176,23292474.0
Solar_Radiation_Flux,Rice,177,22828496.0
Solar_Radiation_Flux,Rice,178,22946578.0
Solar_Radiation_Flux,Rice,179,23091652.0
Solar_Radiation_Flux,Rice,180,23571434.0
Solar_Radiation_Flux,Rice,181,22981480.0
Solar_Radiation_Flux,Rice,182,22971138.0
Solar_Radiation_Flux,Rice,183,23734648.0
Solar_Radiation_Flux,Rice,184,23540322.0
Solar_Radiation_Flux,Rice,185,23510632.0
Solar_Radiation_Flux,Rice,186,23260288.0
Solar_Radiation_Flux,Rice,187,23471626.0
Solar_Radiation_Flux,Rice,188,23935126.0
Solar_Radiation_Flux,Rice,189,24067694.0
Solar_Radiation_Flux,Rice,190,23902020.0
Solar_Radiation_Flux,Rice,191,23613980.0
Solar_Radiation_Flux,Rice,192,23808840.0
Solar_Radiation_Flux,Rice,193,23619158.0
Solar_Radiation_Flux,Rice,194,23214236.0
Solar_Radiation_Flux,Rice,195,23228242.0
Solar_Radiation_Flux,Rice,196,23132840.0
Solar_Radiation_Flux,Rice,197,23335120.0
Solar_Radiation_Flux,Rice,198,23392512.0
Solar_Radiation_Flux,Rice,199,23555836.0
Solar_Radiation_Flux,Rice,200,24017214.0
Solar_Radiation_Flux,Rice,201,24021618.0
Solar_Radiation_Flux,Rice,202,23489252.0
Solar_Radiation_Flux,Rice,203,23193110.0
Solar_Radiation_Flux,Rice,204,23362906.0
Solar_Radiation_Flux,Rice,205,23669178.0
Solar_Radiation_Flux,Rice,206,23504676.0
Solar_Radiation_Flux,Rice,207,22874072.0
Solar_Radiation_Flux,Rice,208,23035980.0
Solar_Radiation_Flux,Rice,209,22257808.0
Solar_Radiation_Flux,Rice,210,22806638.0
Solar_Radiation_Flux,Rice,211,22672860.0
Solar_Radiation_Flux,Rice,212,22783786.0
Solar_Radiation_Flux,Rice,213,22247350.0
Solar_Radiation_Flux,Rice,214,0.0
Solar_Radiation_Flux,Rice,215,0.0
Solar_Radiation_Flux,Rice,216,0.0
Solar_Radiation_Flux,Rice,217,0.0
Solar_Radiation_Flux,Rice,218,0.0
Solar_Radiation_Flux,Rice,219,0.0
Solar_Radiation_Flux,Rice,220,0.0
Solar_Radiation_Flux,Rice,221,0.0
Solar_Radiation_Flux,Rice,222,0.0
Solar_Radiation_Flux,Rice,223,0.0
Solar_Radiation_Flux,Rice,224,0.0
Solar_Radiation_Flux,Rice,225,0.0
Solar_Radiation_Flux,Rice,226,0.0
Solar_Radiation_Flux,Rice,227,0.0
Solar_Radiation_Flux,Rice,228,0.0
Solar_Radiation_Flux,Rice,229,0.0
Solar_Radiation_Flux,Rice,230,0.0
Solar_Radiation_Flux,Rice,231,0.0
Solar_Radiation_Flux,Rice,232,0.0
Solar_Radiation_Flux,Rice,233,0.0
Solar_Radiation_Flux,Rice,234,0.0
Solar_Radiation_Flux,Rice,235,0.0
Solar_Radiation_Flux,Rice,236,0.0
Solar_Radiation_Flux,Rice,237,0.0
Solar_Radiation_Flux,Rice,238,0.0
Solar_Radiation_Flux,Rice,239,0.0
Solar_Radiation_Flux,Rice,240,0.0
Solar_Radiation_Flux,Rice,241,0.0
Solar_Radiation_Flux,Rice,242,0.0
Solar_Radiation_Flux,Rice,243,0.0
Solar_Radiation_Flux,Rice,244,0.0
Solar_Radiation_Flux,Rice,245,0.0
Solar_Radiation_Flux,Rice,246,0.0
Solar_Radiation_Flux,Rice,247,0.0
Solar_Radiation_Flux,Rice,248,0.0
Solar_Radiation_Flux,Rice,249,0.0
Solar_Radiation_Flux,Rice,250,0.0
Solar_Radiation_Flux,Rice,251,0.0
Solar_Radiation_Flux,Rice,252,0.0
Solar_Radiation_Flux,Rice,253,0.0
Solar_Radiation_Flux,Rice,254,0.0
Solar_Radiation_Flux,Rice,255,0.0
Solar_Radiation_Flux,Rice,256,0.0
Solar_Radiation_Flux,Rice,257,0.0
Solar_Radiation_Flux,Rice,258,0.0
Solar_Radiation_Flux,Rice,259,0.0
Solar_Radiation_Flux,Rice,260,0.0
Solar_Radiation_Flux,Rice,261,0.0
Solar_Radiation_Flux,Rice,262,0.0
Solar_Radiation_Flux,Rice,263,0.0
Solar_Radiation_Flux,Rice,264,0.0
Solar_Radiation_Flux,Rice,265,0.0
Solar_Radiation_Flux,Rice,266,0.0
Solar_Radiation_Flux,Rice,267,0.0
Solar_Radiation_Flux,Rice,268,0.0
Solar_Radiation_Flux,Rice,269,0.0
Solar_Radiation_Flux,Rice,270,0.0
Solar_Radiation_Flux,Rice,271,0.0
Solar_Radiation_Flux,Rice,272,0.0
Solar_Radiation_Flux,Rice,273,0.0
Solar_Radiation_Flux,Rice,274,0.0
Solar_Radiation_Flux,Rice,275,0.0
Solar_Radiation_Flux,Rice,276,0.0
Solar_Radiation_Flux,Rice,277,0.0
Solar_Radiation_Flux,Rice,278,0.0
Solar_Radiation_Flux,Rice,279,0.0
Solar_Radiation_Flux,Rice,280,0.0
Solar_Radiation_Flux,Rice,281,0.0
Solar_Radiation_Flux,Rice,282,0.0
Solar_Radiation_Flux,Rice,283,0.0
Solar_Radiation_Flux,Rice,284,0.0
Solar_Radiation_Flux,Rice,285,0.0
Solar_Radiation_Flux,Rice,286,0.0
Solar_Radiation_Flux,Rice,287,0.0
Solar_Radiation_Flux,Rice,288,0.0
Solar_Radiation_Flux,Rice,289,0.0
Solar_Radiation_Flux,Rice,290,0.0
Solar_Radiation_Flux,Rice,291,0.0
Solar_Radiation_Flux,Rice,292,0.0
Solar_Radiation_Flux,Rice,293,0.0
Solar_Radiation_Flux,Rice,294,0.0
Solar_Radiation_Flux,Rice,295,0.0
Solar_Radiation_Flux,Rice,296,0.0
Solar_Radiation_Flux,Rice,297,0.0
Solar_Radiation_Flux,Rice,298,0.0
Solar_Radiation_Flux,Rice,299,0.0
Solar_Radiation_Flux,Rice,300,0.0
Solar_Radiation_Flux,Rice,301,0.0
Solar_Radiation_Flux,Rice,302,0.0
Solar_Radiation_Flux,Rice,303,0.0
Solar_Radiation_Flux,Rice,304,0.0
Solar_Radiation_Flux,Rice,305,0.0
Solar_Radiation_Flux,Rice,306,0.0
Solar_Radiation_Flux,Rice,307,0.0
Solar_Radiation_Flux,Rice,308,0.0
Solar_Radiation_Flux,Rice,309,0.0
Solar_Radiation_Flux,Rice,310,0.0
Solar_Radiation_Flux,Rice,311,0.0
Solar_Radiation_Flux,Rice,312,0.0
Solar_Radiation_Flux,Rice,313,0.0
Solar_Radiation_Flux,Rice,314,0.0
Solar_Radiation_Flux,Rice,315,0.0
Solar_Radiation_Flux,Rice,316,0.0
Solar_Radiation_Flux,Rice,317,0.0
Solar_Radiation_Flux,Rice,318,0.0
Solar_Radiation_Flux,Rice,319,0.0
Solar_Radiation_Flux,Rice,320,0.0
Solar_Radiation_Flux,Rice,321,0.0
Solar_Radiation_Flux,Rice,322,0.0
Solar_Radiation_Flux,Rice,323,0.0
Solar_Radiation_Flux,Rice,324,0.0
Solar_Radiation_Flux,Rice,325,0.0
Solar_Radiation_Flux,Rice,326,0.0
Solar_Radiation_Flux,Rice,327,0.0
Solar_Radiation_Flux,Rice,328,0.0
Solar_Radiation_Flux,Rice,329,0.0
Solar_Radiation_Flux,Rice,330,0.0
Solar_Radiation_Flux,Rice,331,0.0
Solar_Radiation_Flux,Rice,332,0.0
Solar_Radiation_Flux,Rice,333,0.0
Solar_Radiation_Flux,Rice,334,0.0
Solar_Radiation_Flux,Rice,335,0.0
Solar_Radiation_Flux,Rice,336,0.0
Solar_Radiation_Flux,Rice,337,0.0
Solar_Radiation_Flux,Rice,338,0.0
Solar_Radiation_Flux,Rice,339,0.0
Solar_Radiation_Flux,Rice,340,0.0
Solar_Radiation_Flux,Rice,341,0.0
Solar_Radiation_Flux,Rice,342,0.0
Solar_Radiation_Flux,Rice,343,0.0
Solar_Radiation_Flux,Rice,344,0.0
Solar_Radiation_Flux,Rice,345,0.0
Solar_Radiation_Flux,Rice,346,0.0
Solar_Radiation_Flux,Rice,347,0.0
Solar_Radiation_Flux,Rice,348,0.0
Solar_Radiation_Flux,Rice,349,0.0
Solar_Radiation_Flux,Rice,350,0.0
Solar_Radiation_Flux,Rice,351,0.0
Solar_Radiation_Flux,Rice,352,0.0
Solar_Radiation_Flux,Rice,353,0.0
Solar_Radiation_Flux,Rice,354,0.0
Solar_Radiation_Flux,Rice,355,0.0
Solar_Radiation_Flux,Rice,356,0.0
Solar_Radiation_Flux,Rice,357,0.0
Solar_Radiation_Flux,Rice,358,0.0
Solar_Radiation_Flux,Rice,359,0.0
Solar_Radiation_Flux,Rice,360,0.0
Solar_Radiation_Flux,Rice,361,0.0
Solar_Radiation_Flux,Rice,362,0.0
Solar_Radiation_Flux,Rice,363,0.0
Solar_Radiation_Flux,Rice,364,0.0
Solar_Radiation_Flux,Rice,365,0.0
Solar_Radiation_Flux,Soybean,1,0.0
Solar_Radiation_Flux,Soybean,2,0.0
Solar_Radiation_Flux,Soybean,3,0.0
Solar_Radiation_Flux,Soybean,4,0.0
Solar_Radiation_Flux,Soybean,5,0.0
Solar_Radiation_Flux,Soybean,6,0.0
Solar_Radiation_Flux,Soybean,7,0.0
Solar_Radiation_Flux,Soybean,8,0.0
Solar_Radiation_Flux,Soybean,9,0.0
Solar_Radiation_Flux,Soybean,10,0.0
Solar_Radiation_Flux,Soybean,11,0.0
Solar_Radiation_Flux,Soybean,12,0.0
Solar_Radiation_Flux,Soybean,13,0.0
Solar_Radiation_Flux,Soybean,14,0.0
Solar_Radiation_Flux,Soybean,15,0.0
Solar_Radiation_Flux,Soybean,16,0.0
Solar_Radiation_Flux,Soybean,17,0.0
Solar_Radiation_Flux,Soybean,18,0.0
Solar_Radiation_Flux,Soybean,19,0.0
Solar_Radiation_Flux,Soybean,20,0.0
Solar_Radiation_Flux,Soybean,21,0.0
Solar_Radiation_Flux,Soybean,22,0.0
Solar_Radiation_Flux,Soybean,23,0.0
Solar_Radiation_Flux,Soybean,24,0.0
Solar_Radiation_Flux,Soybean,25,0.0
Solar_Radiation_Flux,Soybean,26,0.0
Solar_Radiation_Flux,Soybean,27,0.0
Solar_Radiation_Flux,Soybean,28,0.0
Solar_Radiation_Flux,Soybean,29,0.0
Solar_Radiation_Flux,Soybean,30,0.0
Solar_Radiation_Flux,Soybean,31,0.0
Solar_Radiation_Flux,Soybean,32,0.0
Solar_Radiation_Flux,Soybean,33,0.0
Solar_Radiation_Flux,Soybean,34,0.0
Solar_Radiation_Flux,Soybean,35,0.0
Solar_Radiation_Flux,Soybean,36,0.0
Solar_Radiation_Flux,Soybean,37,0.0
Solar_Radiation_Flux,Soybean,38,0.0
Solar_Radiation_Flux,Soybean,39,0.0
Solar_Radiation_Flux,Soybean,40,0.0
Solar_Radiation_Flux,Soybean,41,0.0
Solar_Radiation_Flux,Soybean,42,0.0
Solar_Radiation_Flux,Soybean,43,0.0
Solar_Radiation_Flux,Soybean,44,0.0
Solar_Radiation_Flux,Soybean,45,0.0
Solar_Radiation_Flux,Soybean,46,0.0
Solar_Radiation_Flux,Soybean,47,0.0
Solar_Radiation_Flux,Soybean,48,0.0
Solar_Radiation_Flux,Soybean,49,0.0
Solar_Radiation_Flux,Soybean,50,0.0
Solar_Radiation_Flux,Soybean,51,0.0
Solar_Radiation_Flux,Soybean,52,0.0
Solar_Radiation_Flux,Soybean,53,0.0
Solar_Radiation_Flux,Soybean,54,0.0
Solar_Radiation_Flux,Soybean,55,0.0
Solar_Radiation_Flux,Soybean,56,0.0
Solar_Radiation_Flux,Soybean,57,0.0
Solar_Radiation_Flux,Soybean,58,0.0
Solar_Radiation_Flux,Soybean,59,0.0
Solar_Radiation_Flux,Soybean,60,0.0
Solar_Radiation_Flux,Soybean,61,0.0
Solar_Radiation_Flux,Soybean,62,0.0
Solar_Radiation_Flux,Soybean,63,0.0
Solar_Radiation_Flux,Soybean,64,0.0
Solar_Radiation_Flux,Soybean,65,0.0
Solar_Radiation_Flux,Soybean,66,0.0
Solar_Radiation_Flux,Soybean,67,0.0
Solar_Radiation_Flux,Soybean,68,0.0
Solar_Radiation_Flux,Soybean,69,0.0
Solar_Radiation_Flux,Soybean,70,0.0
Solar_Radiation_Flux,Soybean,71,0.0
Solar_Radiation_Flux,Soybean,72,0.0
Solar_Radiation_Flux,Soybean,73,0.0
Solar_Radiation_Flux,Soybean,74,0.0
Solar_Radiation_Flux,Soybean,75,0.0
Solar_Radiation_Flux,Soybean,76,0.0
Solar_Radiation_Flux,Soybean,77,0.0
Solar_Radiation_Flux,Soybean,78,0.0
Solar_Radiation_Flux,Soybean,79,0.0
Solar_Radiation_Flux,Soybean,80,0.0
Solar_Radiation_Flux,Soybean,81,0.0
Solar_Radiation_Flux,Soybean,82,0.0
Solar_Radiation_Flux,Soybean,83,0.0
Solar_Radiation_Flux,Soybean,84,0.0
Solar_Radiation_Flux,Soybean,85,0.0
Solar_Radiation_Flux,Soybean,86,0.0
Solar_Radiation_Flux,Soybean,87,0.0
Solar_Radiation_Flux,Soybean,88,0.0
Solar_Radiation_Flux,Soybean,89,0.0
Solar_Radiation_Flux,Soybean,90,0.0
Solar_Radiation_Flux,Soybean,91,0.0
Solar_Radiation_Flux,Soybean,92,0.0
Solar_Radiation_Flux,Soybean,93,0.0
Solar_Radiation_Flux,Soybean,94,0.0
Solar_Radiation_Flux,Soybean,95,0.0
Solar_Radiation_Flux,Soybean,96,0.0
Solar_Radiation_Flux,Soybean,97,0.0
Solar_Radiation_Flux,Soybean,98,0.0
Solar_Radiation_Flux,Soybean,99,0.0
Solar_Radiation_Flux,Soybean,100,0.0
Solar_Radiation_Flux,Soybean,101,0.0
Solar_Radiation_Flux,Soybean,102,0.0
Solar_Radiation_Flux,Soybean,103,0.0
Solar_Radiation_Flux,Soybean,104,0.0
Solar_Radiation_Flux,Soybean,105,0.0
Solar_Radiation_Flux,Soybean,106,0.0
Solar_Radiation_Flux,Soybean,107,0.0
Solar_Radiation_Flux,Soybean,108,0.0
Solar_Radiation_Flux,Soybean,109,0.0
Solar_Radiation_Flux,Soybean,110,0.0
Solar_Radiation_Flux,Soybean,111,0.0
Solar_Radiation_Flux,Soybean,112,0.0
Solar_Radiation_Flux,Soybean,113,0.0
Solar_Radiation_Flux,Soybean,114,0.0
Solar_Radiation_Flux,Soybean,115,0.0
Solar_Radiation_Flux,Soybean,116,0.0
Solar_Radiation_Flux,Soybean,117,0.0
Solar_Radiation_Flux,Soybean,118,0.0
Solar_Radiation_Flux,Soybean,119,0.0
Solar_Radiation_Flux,Soybean,120,0.0
Solar_Radiation_Flux,Soybean,121,19344682.0
Solar_Radiation_Flux,Soybean,122,20178768.0
Solar_Radiation_Flux,Soybean,123,19786876.0
Solar_Radiation_Flux,Soybean,124,20108704.0
Solar_Radiation_Flux,Soybean,125,20547374.0
Solar_Radiation_Flux,Soybean,126,21026114.0
Solar_Radiation_Flux,Soybean,127,21344406.0
Solar_Radiation_Flux,Soybean,128,20791790.0
Solar_Radiation_Flux,Soybean,129,20584940.0
Solar_Radiation_Flux,Soybean,130,20978144.0
Solar_Radiation_Flux,Soybean,131,20790622.0
Solar_Radiation_Flux,Soybean,132,20614612.0
Solar_Radiation_Flux,Soybean,133,20959364.0
Solar_Radiation_Flux,Soybean,134,20887038.0
Solar_Radiation_Flux,Soybean,135,21194146.0
Solar_Radiation_Flux,Soybean,136,21560642.0
Solar_Radiation_Flux,Soybean,137,21394922.0
Solar_Radiation_Flux,Soybean,138,20967154.0
Solar_Radiation_Flux,Soybean,139,21108438.0
Solar_Radiation_Flux,Soybean,140,21428554.0
Solar_Radiation_Flux,Soybean,141,21472438.0
Solar_Radiation_Flux,Soybean,142,21806576.0
Solar_Radiation_Flux,Soybean,143,21526552.0
Solar_Radiation_Flux,Soybean,144,21045942.0
Solar_Radiation_Flux,Soybean,145,20936166.0
Solar_Radiation_Flux,Soybean,146,21079096.0
Solar_Radiation_Flux,Soybean,147,21502760.0
Solar_Radiation_Flux,Soybean,148,21378270.0
Solar_Radiation_Flux,Soybean,149,21833946.0
Solar_Radiation_Flux,Soybean,150,22017982.0
Solar_Radiation_Flux,Soybean,151,22343834.0
Solar_Radiation_Flux,Soybean,152,22568238.0
Solar_Radiation_Flux,Soybean,153,21780816.0
Solar_Radiation_Flux,Soybean,154,21952424.0
Solar_Radiation_Flux,Soybean,155,21910480.0
Solar_Radiation_Flux,Soybean,156,21863916.0
Solar_Radiation_Flux,Soybean,157,22393306.0
Solar_Radiation_Flux,Soybean,158,22637438.0
Solar_Radiation_Flux,Soybean,159,22659720.0
Solar_Radiation_Flux,Soybean,160,22837196.0
Solar_Radiation_Flux,Soybean,161,22160118.0
Solar_Radiation_Flux,Soybean,162,21439712.0
Solar_Radiation_Flux,Soybean,163,22251550.0
Solar_Radiation_Flux,Soybean,164,23107574.0
Solar_Radiation_Flux,Soybean,165,23236138.0
Solar_Radiation_Flux,Soybean,166,23067016.0
Solar_Radiation_Flux,Soybean,167,23186940.0
Solar_Radiation_Flux,Soybean,168,23310848.0
Solar_Radiation_Flux,Soybean,169,22897984.0
Solar_Radiation_Flux,Soybean,170,22751044.0
Solar_Radiation_Flux,Soybean,171,23271404.0
Solar_Radiation_Flux,Soybean,172,22701794.0
Solar_Radiation_Flux,Soybean,173,22881708.0
Solar_Radiation_Flux,Soybean,174,23122558.0
Solar_Radiation_Flux,Soybean,175,23311290.0
Solar_Radiation_Flux,Soybean,176,23328940.0
Solar_Radiation_Flux,Soybean,177,23079522.0
Solar_Radiation_Flux,Soybean,178,23282136.0
Solar_Radiation_Flux,Soybean,179,23026516.0
Solar_Radiation_Flux,Soybean,180,23187162.0
Solar_Radiation_Flux,Soybean,181,22913238.0
Solar_Radiation_Flux,Soybean,182,22646504.0
Solar_Radiation_Flux,Soybean,183,23088602.0
Solar_Radiation_Flux,Soybean,184,22927118.0
Solar_Radiation_Flux,Soybean,185,22543812.0
Solar_Radiation_Flux,Soybean,186,22703852.0
Solar_Radiation_Flux,Soybean,187,23137078.0
Solar_Radiation_Flux,Soybean,188,23345942.0
Solar_Radiation_Flux,Soybean,189,23178092.0
Solar_Radiation_Flux,Soybean,190,23208338.0
Solar_Radiation_Flux,Soybean,191,22902610.0
Solar_Radiation_Flux,Soybean,192,22857708.0
Solar_Radiation_Flux,Soybean,193,22540958.0
Solar_Radiation_Flux,Soybean,194,22387800.0
Solar_Radiation_Flux,Soybean,195,22686448.0
Solar_Radiation_Flux,Soybean,196,22661940.0
Solar_Radiation_Flux,Soybean,197,23018206.0
Solar_Radiation_Flux,Soybean,198,22998902.0
Solar_Radiation_Flux,Soybean,199,22767940.0
Solar_Radiation_Flux,Soybean,200,22528602.0
Solar_Radiation_Flux,Soybean,201,22630922.0
Solar_Radiation_Flux,Soybean,202,22113144.0
Solar_Radiation_Flux,Soybean,203,21933274.0
Solar_Radiation_Flux,Soybean,204,22187926.0
Solar_Radiation_Flux,Soybean,205,22277250.0
Solar_Radiation_Flux,Soybean,206,22178500.0
Solar_Radiation_Flux,Soybean,207,21625042.0
Solar_Radiation_Flux,Soybean,208,21448260.0
Solar_Radiation_Flux,Soybean,209,21517558.0
Solar_Radiation_Flux,Soybean,210,21847474.0
Solar_Radiation_Flux,Soybean,211,21631886.0
Solar_Radiation_Flux,Soybean,212,21422562.0
Solar_Radiation_Flux,Soybean,213,21814216.0
Solar_Radiation_Flux,Soybean,214,21866482.0
Solar_Radiation_Flux,Soybean,215,21514814.0
Solar_Radiation_Flux,Soybean,216,21180374.0
Solar_Radiation_Flux,Soybean,217,20514672.0
Solar_Radiation_Flux,Soybean,218,20380788.0
Solar_Radiation_Flux,Soybean,219,20665892.0
Solar_Radiation_Flux,Soybean,220,20915924.0
Solar_Radiation_Flux,Soybean,221,20726952.0
Solar_Radiation_Flux,Soybean,222,20495000.0
Solar_Radiation_Flux,Soybean,223,20506222.0
Solar_Radiation_Flux,Soybean,224,20199742.0
Solar_Radiation_Flux,Soybean,225,19921668.0
Solar_Radiation_Flux,Soybean,226,19856522.0
Solar_Radiation_Flux,Soybean,227,20054088.0
Solar_Radiation_Flux,Soybean,228,19809114.0
Solar_Radiation_Flux,Soybean,229,19701578.0
Solar_Radiation_Flux,Soybean,230,19690206.0
Solar_Radiation_Flux,Soybean,231,19522638.0
Solar_Radiation_Flux,Soybean,232,19435850.0
Solar_Radiation_Flux,Soybean,233,19608576.0
Solar_Radiation_Flux,Soybean,234,19776038.0
Solar_Radiation_Flux,Soybean,235,19638692.0
Solar_Radiation_Flux,Soybean,236,19446794.0
Solar_Radiation_Flux,Soybean,237,19361304.0
Solar_Radiation_Flux,Soybean,238,19033172.0
Solar_Radiation_Flux,Soybean,239,18777282.0
Solar_Radiation_Flux,Soybean,240,18259198.0
Solar_Radiation_Flux,Soybean,241,18409668.0
Solar_Radiation_Flux,Soybean,242,18383728.0
Solar_Radiation_Flux,Soybean,243,18432656.0
Solar_Radiation_Flux,Soybean,244,19069666.0
Solar_Radiation_Flux,Soybean,245,0.0
Solar_Radiation_Flux,Soybean,246,0.0
Solar_Radiation_Flux,Soybean,247,0.0
Solar_Radiation_Flux,Soybean,248,0.0
Solar_Radiation_Flux,Soybean,249,0.0
Solar_Radiation_Flux,Soybean,250,0.0
Solar_Radiation_Flux,Soybean,251,0.0
Solar_Radiation_Flux,Soybean,252,0.0
Solar_Radiation_Flux,Soybean,253,0.0
Solar_Radiation_Flux,Soybean,254,0.0
Solar_Radiation_Flux,Soybean,255,0.0
Solar_Radiation_Flux,Soybean,256,0.0
Solar_Radiation_Flux,Soybean,257,0.0
Solar_Radiation_Flux,Soybean,258,0.0
Solar_Radiation_Flux,Soybean,259,0.0
Solar_Radiation_Flux,Soybean,260,0.0
Solar_Radiation_Flux,Soybean,261,0.0
Solar_Radiation_Flux,Soybean,262,0.0
Solar_Radiation_Flux,Soybean,263,0.0
Solar_Radiation_Flux,Soybean,264,0.0
Solar_Radiation_Flux,Soybean,265,0.0
Solar_Radiation_Flux,Soybean,266,0.0
Solar_Radiation_Flux,Soybean,267,0.0
Solar_Radiation_Flux,Soybean,268,0.0
Solar_Radiation_Flux,Soybean,269,0.0
Solar_Radiation_Flux,Soybean,270,0.0
Solar_Radiation_Flux,Soybean,271,0.0
Solar_Radiation_Flux,Soybean,272,0.0
Solar_Radiation_Flux,Soybean,273,0.0
Solar_Radiation_Flux,Soybean,274,0.0
Solar_Radiation_Flux,Soybean,275,0.0
Solar_Radiation_Flux,Soybean,276,0.0
Solar_Radiation_Flux,Soybean,277,0.0
Solar_Radiation_Flux,Soybean,278,0.0
Solar_Radiation_Flux,Soybean,279,0.0
Solar_Radiation_Flux,Soybean,280,0.0
Solar_Radiation_Flux,Soybean,281,0.0
Solar_Radiation_Flux,Soybean,282,0.0
Solar_Radiation_Flux,Soybean,283,0.0
Solar_Radiation_Flux,Soybean,284,0.0
Solar_Radiation_Flux,Soybean,285,0.0
Solar_Radiation_Flux,Soybean,286,0.0
Solar_Radiation_Flux,Soybean,287,0.0
Solar_Radiation_Flux,Soybean,288,0.0
Solar_Radiation_Flux,Soybean,289,0.0
Solar_Radiation_Flux,Soybean,290,0.0
Solar_Radiation_Flux,Soybean,291,0.0
Solar_Radiation_Flux,Soybean,292,0.0
Solar_Radiation_Flux,Soybean,293,0.0
Solar_Radiation_Flux,Soybean,294,0.0
Solar_Radiation_Flux,Soybean,295,0.0
Solar_Radiation_Flux,Soybean,296,0.0
Solar_Radiation_Flux,Soybean,297,0.0
Solar_Radiation_Flux,Soybean,298,0.0
Solar_Radiation_Flux,Soybean,299,0.0
Solar_Radiation_Flux,Soybean,300,0.0
Solar_Radiation_Flux,Soybean,301,0.0
Solar_Radiation_Flux,Soybean,302,0.0
Solar_Radiation_Flux,Soybean,303,0.0
Solar_Radiation_Flux,Soybean,304,0.0
Solar_Radiation_Flux,Soybean,305,0.0
Solar_Radiation_Flux,Soybean,306,0.0
Solar_Radiation_Flux,Soybean,307,0.0
Solar_Radiation_Flux,Soybean,308,0.0
Solar_Radiation_Flux,Soybean,309,0.0
Solar_Radiation_Flux,Soybean,310,0.0
Solar_Radiation_Flux,Soybean,311,0.0
Solar_Radiation_Flux,Soybean,312,0.0
Solar_Radiation_Flux,Soybean,313,0.0
Solar_Radiation_Flux,Soybean,314,0.0
Solar_Radiation_Flux,Soybean,315,0.0
Solar_Radiation_Flux,Soybean,316,0.0
Solar_Radiation_Flux,Soybean,317,0.0
Solar_Radiation_Flux,Soybean,318,0.0
Solar_Radiation_Flux,Soybean,319,0.0
Solar_Radiation_Flux,Soybean,320,0.0
Solar_Radiation_Flux,Soybean,321,0.0
Solar_Radiation_Flux,Soybean,322,0.0
Solar_Radiation_Flux,Soybean,323,0.0
Solar_Radiation_Flux,Soybean,324,0.0
Solar_Radiation_Flux,Soybean,325,0.0
Solar_Radiation_Flux,Soybean,326,0.0
Solar_Radiation_Flux,Soybean,327,0.0
Solar_Radiation_Flux,Soybean,328,0.0
Solar_Radiation_Flux,Soybean,329,0.0
Solar_Radiation_Flux,Soybean,330,0.0
Solar_Radiation_Flux,Soybean,331,0.0
Solar_Radiation_Flux,Soybean,332,0.0
Solar_Radiation_Flux,Soybean,333,0.0
Solar_Radiation_Flux,Soybean,334,0.0
Solar_Radiation_Flux,Soybean,335,0.0
Solar_Radiation_Flux,Soybean,336,0.0
Solar_Radiation_Flux,Soybean,337,0.0
Solar_Radiation_Flux,Soybean,338,0.0
Solar_Radiation_Flux,Soybean,339,0.0
Solar_Radiation_Flux,Soybean,340,0.0
Solar_Radiation_Flux,Soybean,341,0.0
Solar_Radiation_Flux,Soybean,342,0.0
Solar_Radiation_Flux,Soybean,343,0.0
Solar_Radiation_Flux,Soybean,344,0.0
Solar_Radiation_Flux,Soybean,345,0.0
Solar_Radiation_Flux,Soybean,346,0.0
Solar_Radiation_Flux,Soybean,347,0.0
Solar_Radiation_Flux,Soybean,348,0.0
Solar_Radiation_Flux,Soybean,349,0.0
Solar_Radiation_Flux,Soybean,350,0.0
Solar_Radiation_Flux,Soybean,351,0.0
Solar_Radiation_Flux,Soybean,352,0.0
Solar_Radiation_Flux,Soybean,353,0.0
Solar_Radiation_Flux,Soybean,354,0.0
Solar_Radiation_Flux,Soybean,355,0.0
Solar_Radiation_Flux,Soybean,356,0.0
Solar_Radiation_Flux,Soybean,357,0.0
Solar_Radiation_Flux,Soybean,358,0.0
Solar_Radiation_Flux,Soybean,359,0.0
Solar_Radiation_Flux,Soybean,360,0.0
Solar_Radiation_Flux,Soybean,361,0.0
Solar_Radiation_Flux,Soybean,362,0.0
Solar_Radiation_Flux,Soybean,363,0.0
Solar_Radiation_Flux,Soybean,364,0.0
Solar_Radiation_Flux,Soybean,365,0.0
Solar_Radiation_Flux,Wheat,1,0.0
Solar_Radiation_Flux,Wheat,2,0.0
Solar_Radiation_Flux,Wheat,3,0.0
Solar_Radiation_Flux,Wheat,4,0.0
Solar_Radiation_Flux,Wheat,5,0.0
Solar_Radiation_Flux,Wheat,6,0.0
Solar_Radiation_Flux,Wheat,7,0.0
Solar_Radiation_Flux,Wheat,8,0.0
Solar_Radiation_Flux,Wheat,9,0.0
Solar_Radiation_Flux,Wheat,10,0.0
Solar_Radiation_Flux,Wheat,11,0.0
Solar_Radiation_Flux,Wheat,12,0.0
Solar_Radiation_Flux,Wheat,13,0.0
Solar_Radiation_Flux,Wheat,14,0.0
Solar_Radiation_Flux,Wheat,15,0.0
Solar_Radiation_Flux,Wheat,16,0.0
Solar_Radiation_Flux,Wheat,17,0.0
Solar_Radiation_Flux,Wheat,18,0.0
Solar_Radiation_Flux,Wheat,19,0.0
Solar_Radiation_Flux,Wheat,20,0.0
Solar_Radiation_Flux,Wheat,21,0.0
Solar_Radiation_Flux,Wheat,22,0.0
Solar_Radiation_Flux,Wheat,23,0.0
Solar_Radiation_Flux,Wheat,24,0.0
Solar_Radiation_Flux,Wheat,25,0.0
Solar_Radiation_Flux,Wheat,26,0.0
Solar_Radiation_Flux,Wheat,27,0.0
Solar_Radiation_Flux,Wheat,28,0.0
Solar_Radiation_Flux,Wheat,29,0.0
Solar_Radiation_Flux,Wheat,30,0.0
Solar_Radiation_Flux,Wheat,31,0.0
Solar_Radiation_Flux,Wheat,32,0.0
Solar_Radiation_Flux,Wheat,33,0.0
Solar_Radiation_Flux,Wheat,34,0.0
Solar_Radiation_Flux,Wheat,35,0.0
Solar_Radiation_Flux,Wheat,36,0.0
Solar_Radiation_Flux,Wheat,37,0.0
Solar_Radiation_Flux,Wheat,38,0.0
Solar_Radiation_Flux,Wheat,39,0.0
Solar_Radiation_Flux,Wheat,40,0.0
Solar_Radiation_Flux,Wheat,41,0.0
Solar_Radiation_Flux,Wheat,42,0.0
Solar_Radiation_Flux,Wheat,43,0.0
Solar_Radiation_Flux,Wheat,44,0.0
Solar_Radiation_Flux,Wheat,45,0.0
Solar_Radiation_Flux,Wheat,46,0.0
Solar_Radiation_Flux,Wheat,47,0.0
Solar_Radiation_Flux,Wheat,48,0.0
Solar_Radiation_Flux,Wheat,49,0.0
Solar_Radiation_Flux,Wheat,50,0.0
Solar_Radiation_Flux,Wheat,51,0.0
Solar_Radiation_Flux,Wheat,52,0.0
Solar_Radiation_Flux,Wheat,53,0.0
Solar_Radiation_Flux,Wheat,54,0.0
Solar_Radiation_Flux,Wheat,55,0.0
Solar_Radiation_Flux,Wheat,56,0.0
Solar_Radiation_Flux,Wheat,57,0.0
Solar_Radiation_Flux,Wheat,58,0.0
Solar_Radiation_Flux,Wheat,59,0.0
Solar_Radiation_Flux,Wheat,60,12889992.0
Solar_Radiation_Flux,Wheat,61,13887222.0
Solar_Radiation_Flux,Wheat,62,13953238.0
Solar_Radiation_Flux,Wheat,63,13771090.0
Solar_Radiation_Flux,Wheat,64,13658630.0
Solar_Radiation_Flux,Wheat,65,14375947.0
Solar_Radiation_Flux,Wheat,66,14640480.0
Solar_Radiation_Flux,Wheat,67,14233954.0
Solar_Radiation_Flux,Wheat,68,14620150.0
Solar_Radiation_Flux,Wheat,69,15198762.0
Solar_Radiation_Flux,Wheat,70,15255039.0
Solar_Radiation_Flux,Wheat,71,15076411.0
Solar_Radiation_Flux,Wheat,72,14802064.0
Solar_Radiation_Flux,Wheat,73,15343786.0
Solar_Radiation_Flux,Wheat,74,15393446.0
Solar_Radiation_Flux,Wheat,75,15513382.0
Solar_Radiation_Flux,Wheat,76,15185373.0
Solar_Radiation_Flux,Wheat,77,14979056.0
Solar_Radiation_Flux,Wheat,78,15272533.0
Solar_Radiation_Flux,Wheat,79,15557742.0
Solar_Radiation_Flux,Wheat,80,16308705.0
Solar_Radiation_Flux,Wheat,81,16544792.0
Solar_Radiation_Flux,Wheat,82,16763867.0
Solar_Radiation_Flux,Wheat,83,16648382.0
Solar_Radiation_Flux,Wheat,84,16559051.0
Solar_Radiation_Flux,Wheat,85,17005012.0
Solar_Radiation_Flux,Wheat,86,16841918.0
Solar_Radiation_Flux,Wheat,87,16452101.0
Solar_Radiation_Flux,Wheat,88,15954900.0
Solar_Radiation_Flux,Wheat,89,16564897.0
Solar_Radiation_Flux,Wheat,90,17284704.0
Solar_Radiation_Flux,Wheat,91,18100658.0
Solar_Radiation_Flux,Wheat,92,18012040.0
Solar_Radiation_Flux,Wheat,93,17589922.0
Solar_Radiation_Flux,Wheat,94,17927578.0
Solar_Radiation_Flux,Wheat,95,17891538.0
Solar_Radiation_Flux,Wheat,96,18675528.0
Solar_Radiation_Flux,Wheat,97,19029904.0
Solar_Radiation_Flux,Wheat,98,18453914.0
Solar_Radiation_Flux,Wheat,99,18917516.0
Solar_Radiation_Flux,Wheat,100,19274166.0
Solar_Radiation_Flux,Wheat,101,19062242.0
Solar_Radiation_Flux,Wheat,102,19093886.0
Solar_Radiation_Flux,Wheat,103,18522540.0
Solar_Radiation_Flux,Wheat,104,18995896.0
Solar_Radiation_Flux,Wheat,105,19520402.0
Solar_Radiation_Flux,Wheat,106,19706322.0
Solar_Radiation_Flux,Wheat,107,20185554.0
Solar_Radiation_Flux,Wheat,108,20356134.0
Solar_Radiation_Flux,Wheat,109,19661164.0
Solar_Radiation_Flux,Wheat,110,19560564.0
Solar_Radiation_Flux,Wheat,111,19812110.0
Solar_Radiation_Flux,Wheat,112,20127172.0
Solar_Radiation_Flux,Wheat,113,20365614.0
Solar_Radiation_Flux,Wheat,114,20672134.0
Solar_Radiation_Flux,Wheat,115,20470488.0
Solar_Radiation_Flux,Wheat,116,20571362.0
Solar_Radiation_Flux,Wheat,117,20376390.0
Solar_Radiation_Flux,Wheat,118,20357894.0
Solar_Radiation_Flux,Wheat,119,20410448.0
Solar_Radiation_Flux,Wheat,120,20053054.0
Solar_Radiation_Flux,Wheat,121,20164194.0
Solar_Radiation_Flux,Wheat,122,20291058.0
Solar_Radiation_Flux,Wheat,123,20359222.0
Solar_Radiation_Flux,Wheat,124,20897444.0
Solar_Radiation_Flux,Wheat,125,21206698.0
Solar_Radiation_Flux,Wheat,126,21506880.0
Solar_Radiation_Flux,Wheat,127,21719486.0
Solar_Radiation_Flux,Wheat,128,21415550.0
Solar_Radiation_Flux,Wheat,129,21308916.0
Solar_Radiation_Flux,Wheat,130,21693102.0
Solar_Radiation_Flux,Wheat,131,21340560.0
Solar_Radiation_Flux,Wheat,132,21214238.0
Solar_Radiation_Flux,Wheat,133,21561466.0
Solar_Radiation_Flux,Wheat,134,21732802.0
Solar_Radiation_Flux,Wheat,135,21700568.0
Solar_Radiation_Flux,Wheat,136,21674786.0
Solar_Radiation_Flux,Wheat,137,21763062.0
Solar_Radiation_Flux,Wheat,138,21460434.0
Solar_Radiation_Flux,Wheat,139,21950756.0
Solar_Radiation_Flux,Wheat,140,22058786.0
Solar_Radiation_Flux,Wheat,141,22102586.0
Solar_Radiation_Flux,Wheat,142,22244530.0
Solar_Radiation_Flux,Wheat,143,22024966.0
Solar_Radiation_Flux,Wheat,144,21599194.0
Solar_Radiation_Flux,Wheat,145,21442282.0
Solar_Radiation_Flux,Wheat,146,21699768.0
Solar_Radiation_Flux,Wheat,147,22031178.0
Solar_Radiation_Flux,Wheat,148,21976256.0
Solar_Radiation_Flux,Wheat,149,22384272.0
Solar_Radiation_Flux,Wheat,150,22603944.0
Solar_Radiation_Flux,Wheat,151,22762186.0
Solar_Radiation_Flux,Wheat,152,23090362.0
Solar_Radiation_Flux,Wheat,153,22436272.0
Solar_Radiation_Flux,Wheat,154,22198054.0
Solar_Radiation_Flux,Wheat,155,22571782.0
Solar_Radiation_Flux,Wheat,156,22603376.0
Solar_Radiation_Flux,Wheat,157,23106546.0
Solar_Radiation_Flux,Wheat,158,23300406.0
Solar_Radiation_Flux,Wheat,159,23174948.0
Solar_Radiation_Flux,Wheat,160,23309916.0
Solar_Radiation_Flux,Wheat,161,22717592.0
Solar_Radiation_Flux,Wheat,162,22620720.0
Solar_Radiation_Flux,Wheat,163,22993020.0
Solar_Radiation_Flux,Wheat,164,23748094.0
Solar_Radiation_Flux,Wheat,165,24017384.0
Solar_Radiation_Flux,Wheat,166,23927166.0
Solar_Radiation_Flux,Wheat,167,23822884.0
Solar_Radiation_Flux,Wheat,168,24080750.0
Solar_Radiation_Flux,Wheat,169,23861538.0
Solar_Radiation_Flux,Wheat,170,23868854.0
Solar_Radiation_Flux,Wheat,171,24063220.0
Solar_Radiation_Flux,Wheat,172,23745976.0
Solar_Radiation_Flux,Wheat,173,23989064.0
Solar_Radiation_Flux,Wheat,174,24252244.0
Solar_Radiation_Flux,Wheat,175,24366180.0
Solar_Radiation_Flux,Wheat,176,24473438.0
Solar_Radiation_Flux,Wheat,177,24131462.0
Solar_Radiation_Flux,Wheat,178,24177200.0
Solar_Radiation_Flux,Wheat,179,24048322.0
Solar_Radiation_Flux,Wheat,180,24012634.0
Solar_Radiation_Flux,Wheat,181,23763350.0
Solar_Radiation_Flux,Wheat,182,23952840.0
Solar_Radiation_Flux,Wheat,183,0.0
Solar_Radiation_Flux,Wheat,184,0.0
Solar_Radiation_Flux,Wheat,185,0.0
Solar_Radiation_Flux,Wheat,186,0.0
Solar_Radiation_Flux,Wheat,187,0.0
Solar_Radiation_Flux,Wheat,188,0.0
Solar_Radiation_Flux,Wheat,189,0.0
Solar_Radiation_Flux,Wheat,190,0.0
Solar_Radiation_Flux,Wheat,191,0.0
Solar_Radiation_Flux,Wheat,192,0.0
Solar_Radiation_Flux,Wheat,193,0.0
Solar_Radiation_Flux,Wheat,194,0.0
Solar_Radiation_Flux,Wheat,195,0.0
Solar_Radiation_Flux,Wheat,196,0.0
Solar_Radiation_Flux,Wheat,197,0.0
Solar_Radiation_Flux,Wheat,198,0.0
Solar_Radiation_Flux,Wheat,199,0.0
Solar_Radiation_Flux,Wheat,200,0.0
Solar_Radiation_Flux,Wheat,201,0.0
Solar_Radiation_Flux,Wheat,202,0.0
Solar_Radiation_Flux,Wheat,203,0.0
Solar_Radiation_Flux,Wheat,204,0.0
Solar_Radiation_Flux,Wheat,205,0.0
Solar_Radiation_Flux,Wheat,206,0.0
Solar_Radiation_Flux,Wheat,207,0.0
Solar_Radiation_Flux,Wheat,208,0.0
Solar_Radiation_Flux,Wheat,209,0.0
Solar_Radiation_Flux,Wheat,210,0.0
Solar_Radiation_Flux,Wheat,211,0.0
Solar_Radiation_Flux,Wheat,212,0.0
Solar_Radiation_Flux,Wheat,213,0.0
Solar_Radiation_Flux,Wheat,214,0.0
Solar_Radiation_Flux,Wheat,215,0.0
Solar_Radiation_Flux,Wheat,216,0.0
Solar_Radiation_Flux,Wheat,217,0.0
Solar_Radiation_Flux,Wheat,218,0.0
Solar_Radiation_Flux,Wheat,219,0.0
Solar_Radiation_Flux,Wheat,220,0.0
Solar_Radiation_Flux,Wheat,221,0.0
Solar_Radiation_Flux,Wheat,222,0.0
Solar_Radiation_Flux,Wheat,223,0.0
Solar_Radiation_Flux,Wheat,224,0.0
Solar_Radiation_Flux,Wheat,225,0.0
Solar_Radiation_Flux,Wheat,226,0.0
Solar_Radiation_Flux,Wheat,227,0.0
Solar_Radiation_Flux,Wheat,228,0.0
Solar_Radiation_Flux,Wheat,229,0.0
Solar_Radiation_Flux,Wheat,230,0.0
Solar_Radiation_Flux,Wheat,231,0.0
Solar_Radiation_Flux,Wheat,232,0.0
Solar_Radiation_Flux,Wheat,233,0.0
Solar_Radiation_Flux,Wheat,234,0.0
Solar_Radiation_Flux,Wheat,235,0.0
Solar_Radiation_Flux,Wheat,236,0.0
Solar_Radiation_Flux,Wheat,237,0.0
Solar_Radiation_Flux,Wheat,238,0.0
Solar_Radiation_Flux,Wheat,239,0.0
Solar_Radiation_Flux,Wheat,240,0.0
Solar_Radiation_Flux,Wheat,241,0.0
Solar_Radiation_Flux,Wheat,242,0.0
Solar_Radiation_Flux,Wheat,243,0.0
Solar_Radiation_Flux,Wheat,244,0.0
Solar_Radiation_Flux,Wheat,245,0.0
Solar_Radiation_Flux,Wheat,246,0.0
Solar_Radiation_Flux,Wheat,247,0.0
Solar_Radiation_Flux,Wheat,248,0.0
Solar_Radiation_Flux,Wheat,249,0.0
Solar_Radiation_Flux,Wheat,250,0.0
Solar_Radiation_Flux,Wheat,251,0.0
Solar_Radiation_Flux,Wheat,252,0.0
Solar_Radiation_Flux,Wheat,253,0.0
Solar_Radiation_Flux,Wheat,254,0.0
Solar_Radiation_Flux,Wheat,255,0.0
Solar_Radiation_Flux,Wheat,256,0.0
Solar_Radiation_Flux,Wheat,257,0.0
Solar_Radiation_Flux,Wheat,258,0.0
Solar_Radiation_Flux,Wheat,259,0.0
Solar_Radiation_Flux,Wheat,260,0.0
Solar_Radiation_Flux,Wheat,261,0.0
Solar_Radiation_Flux,Wheat,262,0.0
Solar_Radiation_Flux,Wheat,263,0.0
Solar_Radiation_Flux,Wheat,264,0.0
Solar_Radiation_Flux,Wheat,265,0.0
Solar_Radiation_Flux,Wheat,266,0.0
Solar_Radiation_Flux,Wheat,267,0.0
Solar_Radiation_Flux,Wheat,268,0.0
Solar_Radiation_Flux,Wheat,269,0.0
Solar_Radiation_Flux,Wheat,270,0.0
Solar_Radiation_Flux,Wheat,271,0.0
Solar_Radiation_Flux,Wheat,272,0.0
Solar_Radiation_Flux,Wheat,273,0.0
Solar_Radiation_Flux,Wheat,274,0.0
Solar_Radiation_Flux,Wheat,275,0.0
Solar_Radiation_Flux,Wheat,276,0.0
Solar_Radiation_Flux,Wheat,277,0.0
Solar_Radiation_Flux,Wheat,278,0.0
Solar_Radiation_Flux,Wheat,279,0.0
Solar_Radiation_Flux,Wheat,280,0.0
Solar_Radiation_Flux,Wheat,281,0.0
Solar_Radiation_Flux,Wheat,282,0.0
Solar_Radiation_Flux,Wheat,283,0.0
Solar_Radiation_Flux,Wheat,284,0.0
Solar_Radiation_Flux,Wheat,285,0.0
Solar_Radiation_Flux,Wheat,286,0.0
Solar_Radiation_Flux,Wheat,287,0.0
Solar_Radiation_Flux,Wheat,288,0.0
Solar_Radiation_Flux,Wheat,289,0.0
Solar_Radiation_Flux,Wheat,290,0.0
Solar_Radiation_Flux,Wheat,291,0.0
Solar_Radiation_Flux,Wheat,292,0.0
Solar_Radiation_Flux,Wheat,293,0.0
Solar_Radiation_Flux,Wheat,294,0.0
Solar_Radiation_Flux,Wheat,295,0.0
Solar_Radiation_Flux,Wheat,296,0.0
Solar_Radiation_Flux,Wheat,297,0.0
Solar_Radiation_Flux,Wheat,298,0.0
Solar_Radiation_Flux,Wheat,299,0.0
Solar_Radiation_Flux,Wheat,300,0.0
Solar_Radiation_Flux,Wheat,301,0.0
Solar_Radiation_Flux,Wheat,302,0.0
Solar_Radiation_Flux,Wheat,303,0.0
Solar_Radiation_Flux,Wheat,304,0.0
Solar_Radiation_Flux,Wheat,305,0.0
Solar_Radiation_Flux,Wheat,306,0.0
Solar_Radiation_Flux,Wheat,307,0.0
Solar_Radiation_Flux,Wheat,308,0.0
Solar_Radiation_Flux,Wheat,309,0.0
Solar_Radiation_Flux,Wheat,310,0.0
Solar_Radiation_Flux,Wheat,311,0.0
Solar_Radiation_Flux,Wheat,312,0.0
Solar_Radiation_Flux,Wheat,313,0.0
Solar_Radiation_Flux,Wheat,314,0.0
Solar_Radiation_Flux,Wheat,315,0.0
Solar_Radiation_Flux,Wheat,316,0.0
Solar_Radiation_Flux,Wheat,317,0.0
Solar_Radiation_Flux,Wheat,318,0.0
Solar_Radiation_Flux,Wheat,319,0.0
Solar_Radiation_Flux,Wheat,320,0.0
Solar_Radiation_Flux,Wheat,321,0.0
Solar_Radiation_Flux,Wheat,322,0.0
Solar_Radiation_Flux,Wheat,323,0.0
Solar_Radiation_Flux,Wheat,324,0.0
Solar_Radiation_Flux,Wheat,325,0.0
Solar_Radiation_Flux,Wheat,326,0.0
Solar_Radiation_Flux,Wheat,327,0.0
Solar_Radiation_Flux,Wheat,328,0.0
Solar_Radiation_Flux,Wheat,329,0.0
Solar_Radiation_Flux,Wheat,330,0.0
Solar_Radiation_Flux,Wheat,331,0.0
Solar_Radiation_Flux,Wheat,332,0.0
Solar_Radiation_Flux,Wheat,333,0.0
Solar_Radiation_Flux,Wheat,334,0.0
Solar_Radiation_Flux,Wheat,335,0.0
Solar_Radiation_Flux,Wheat,336,0.0
Solar_Radiation_Flux,Wheat,337,0.0
Solar_Radiation_Flux,Wheat,338,0.0
Solar_Radiation_Flux,Wheat,339,0.0
Solar_Radiation_Flux,Wheat,340,0.0
Solar_Radiation_Flux,Wheat,341,0.0
Solar_Radiation_Flux,Wheat,342,0.0
Solar_Radiation_Flux,Wheat,343,0.0
Solar_Radiation_Flux,Wheat,344,0.0
Solar_Radiation_Flux,Wheat,345,0.0
Solar_Radiation_Flux,Wheat,346,0.0
Solar_Radiation_Flux,Wheat,347,0.0
Solar_Radiation_Flux,Wheat,348,0.0
Solar_Radiation_Flux,Wheat,349,0.0
Solar_Radiation_Flux,Wheat,350,0.0
Solar_Radiation_Flux,Wheat,351,0.0
Solar_Radiation_Flux,Wheat,352,0.0
Solar_Radiation_Flux,Wheat,353,0.0
Solar_Radiation_Flux,Wheat,354,0.0
Solar_Radiation_Flux,Wheat,355,0.0
Solar_Radiation_Flux,Wheat,356,0.0
Solar_Radiation_Flux,Wheat,357,0.0
Solar_Radiation_Flux,Wheat,358,0.0
Solar_Radiation_Flux,Wheat,359,0.0
Solar_Radiation_Flux,Wheat,360,0.0
Solar_Radiation_Flux,Wheat,361,0.0
Solar_Radiation_Flux,Wheat,362,0.0
Solar_Radiation_Flux,Wheat,363,0.0
Solar_Radiation_Flux,Wheat,364,0.0
Solar_Radiation_Flux,Wheat,365,0.0
